start;end;pitch;pitchclass;instrument
0.4400;1.0655;63;3;"piano"
0.4400;1.0655;48;0;"piano"
0.4400;1.0655;55;7;"piano"
1.0655;1.6509;63;3;"piano"
1.0655;1.6509;48;0;"piano"
1.0655;1.6509;55;7;"piano"
1.6509;2.2364;63;3;"piano"
1.6509;2.2364;48;0;"piano"
1.6509;2.2364;55;7;"piano"
2.2364;2.8011;75;3;"piano"
2.2364;2.7614;63;3;"piano"
2.2364;2.7614;48;0;"piano"
2.2364;2.7614;55;7;"piano"
2.8618;3.4164;74;2;"piano"
2.8618;3.4073;63;3;"piano"
2.8618;3.4073;48;0;"piano"
2.8618;3.4073;55;7;"piano"
3.4073;3.9618;72;0;"piano"
3.4073;3.9527;63;3;"piano"
3.4073;3.9527;48;0;"piano"
3.4073;3.9527;55;7;"piano"
3.9527;4.5486;67;7;"piano"
3.9527;4.5486;63;3;"piano"
3.9527;4.5782;48;0;"piano"
3.9527;4.5873;55;7;"piano"
4.5782;5.0173;63;3;"piano"
4.5782;5.2127;56;8;"piano"
4.5782;5.2127;59;11;"piano"
4.5782;5.1741;48;0;"piano"
4.5782;5.1741;53;5;"piano"
5.0073;5.2036;62;2;"piano"
5.2036;6.2989;55;7;"piano"
5.2036;6.3159;60;0;"piano"
5.2036;5.8082;48;0;"piano"
5.2036;5.8082;51;3;"piano"
5.8082;6.3545;48;0;"piano"
5.8082;6.3545;51;3;"piano"
6.3545;6.8705;55;7;"piano"
6.3545;6.9000;48;0;"piano"
6.3545;6.9000;51;3;"piano"
6.9000;7.6425;56;8;"piano"
6.9000;7.6425;59;11;"piano"
6.9000;7.6425;62;2;"piano"
6.9000;7.6255;48;0;"piano"
6.9000;7.6255;53;5;"piano"
7.6255;8.5661;55;7;"piano"
7.6255;8.5832;60;0;"piano"
7.6255;8.1309;48;0;"piano"
7.6255;8.1309;51;3;"piano"
8.1309;8.6764;48;0;"piano"
8.1309;8.6764;51;3;"piano"
8.6764;9.2723;55;7;"piano"
8.6764;9.3018;48;0;"piano"
8.6764;9.3018;51;3;"piano"
9.3018;9.9273;60;0;"piano"
9.3018;9.9364;68;8;"piano"
9.3018;9.9364;72;0;"piano"
9.3018;9.9273;41;5;"piano"
9.3018;9.9273;48;0;"piano"
9.3018;9.9273;53;5;"piano"
9.9273;11.0620;55;7;"piano"
9.9273;11.0620;60;0;"piano"
9.9273;11.0620;63;3;"piano"
9.9273;11.0620;67;7;"piano"
9.9273;10.5730;43;7;"piano"
9.9273;10.5730;48;0;"piano"
9.9273;10.5730;51;3;"piano"
10.5730;11.1180;43;7;"piano"
10.5730;11.1180;48;0;"piano"
10.5730;11.1180;51;3;"piano"
11.1180;11.3950;65;5;"piano"
11.1180;11.9750;60;0;"piano"
11.1180;11.6640;44;8;"piano"
11.1180;11.6640;48;0;"piano"
11.1180;11.6640;53;5;"piano"
11.3910;11.6680;63;3;"piano"
11.6640;11.7410;62;2;"piano"
11.6640;12.3090;44;8;"piano"
11.6640;12.3090;48;0;"piano"
11.6640;12.3090;53;5;"piano"
11.7410;11.8170;63;3;"piano"
11.8170;11.9940;62;2;"piano"
11.9750;12.2330;60;0;"piano"
12.3090;12.8750;55;7;"piano"
12.3090;12.8750;60;0;"piano"
12.3090;12.8750;43;7;"piano"
12.3090;12.8750;51;3;"piano"
12.8750;13.5000;55;7;"piano"
12.8750;13.5000;60;0;"piano"
12.8750;13.5000;43;7;"piano"
12.8750;13.5000;51;3;"piano"
13.5000;14.2050;55;7;"piano"
13.5000;14.2050;59;11;"piano"
13.5000;14.2050;43;7;"piano"
13.5000;14.2050;50;2;"piano"
14.2050;14.7510;55;7;"piano"
14.2050;14.7510;59;11;"piano"
14.2050;14.7510;43;7;"piano"
14.2050;14.7510;50;2;"piano"
14.7510;15.3160;60;0;"piano"
14.7510;15.3160;51;3;"piano"
14.7510;15.3160;55;7;"piano"
14.7510;15.3160;36;0;"piano"
14.7510;15.3160;48;0;"piano"
15.3160;15.9220;63;3;"piano"
15.3160;15.9220;72;0;"piano"
15.3160;15.9220;48;0;"piano"
15.3160;15.9220;55;7;"piano"
15.9220;16.6070;63;3;"piano"
15.9220;16.6070;72;0;"piano"
15.9220;16.6070;48;0;"piano"
15.9220;16.6070;55;7;"piano"
16.6070;17.2930;63;3;"voice"
16.6070;17.1760;63;3;"piano"
16.6070;17.1760;72;0;"piano"
16.6070;17.1760;48;0;"piano"
16.6070;17.1760;55;7;"piano"
17.2930;17.8380;62;2;"voice"
17.2930;17.8380;63;3;"piano"
17.2930;17.8380;72;0;"piano"
17.2930;17.8380;48;0;"piano"
17.2930;17.8380;55;7;"piano"
17.8380;18.3840;60;0;"voice"
17.8380;18.3840;63;3;"piano"
17.8380;18.3840;72;0;"piano"
17.8380;18.3840;48;0;"piano"
17.8380;18.3840;55;7;"piano"
18.3840;19.0290;55;7;"voice"
18.3840;19.0290;63;3;"piano"
18.3840;19.0290;72;0;"piano"
18.3840;19.0290;48;0;"piano"
18.3840;19.0290;55;7;"piano"
19.0290;19.7350;51;3;"voice"
19.0290;19.6700;63;3;"piano"
19.0290;19.6700;72;0;"piano"
19.0290;19.6700;48;0;"piano"
19.0290;19.6700;55;7;"piano"
19.7350;20.5650;50;2;"voice"
19.7350;20.2800;62;2;"piano"
19.7350;20.2800;65;5;"piano"
19.7350;20.2800;72;0;"piano"
19.7350;20.2800;48;0;"piano"
19.7350;20.2800;56;8;"piano"
20.2800;20.8250;62;2;"piano"
20.2800;20.8250;65;5;"piano"
20.2800;20.8250;72;0;"piano"
20.2800;20.8250;48;0;"piano"
20.2800;20.8250;56;8;"piano"
20.5530;20.8080;51;3;"voice"
20.8250;21.4310;50;2;"voice"
20.8250;21.4310;62;2;"piano"
20.8250;21.4310;65;5;"piano"
20.8250;21.4310;72;0;"piano"
20.8250;21.4310;48;0;"piano"
20.8250;21.4310;56;8;"piano"
21.4310;22.0960;60;0;"voice"
21.4310;22.0470;62;2;"piano"
21.4310;22.0470;65;5;"piano"
21.4310;22.0470;72;0;"piano"
21.4310;22.0470;48;0;"piano"
21.4310;22.0470;56;8;"piano"
22.0960;22.9350;55;7;"voice"
22.0960;22.6420;63;3;"piano"
22.0960;22.6420;67;7;"piano"
22.0960;22.6420;72;0;"piano"
22.0960;22.6420;48;0;"piano"
22.0960;22.6420;55;7;"piano"
22.6420;23.3070;67;7;"piano"
22.6420;23.3070;75;3;"piano"
22.6420;23.3070;48;0;"piano"
22.6420;23.3070;55;7;"piano"
22.9350;23.3070;51;3;"voice"
23.3070;23.5850;55;7;"voice"
23.3070;23.8530;63;3;"piano"
23.3070;23.8530;67;7;"piano"
23.3070;23.8530;72;0;"piano"
23.3070;23.8530;43;7;"piano"
23.3070;23.8530;55;7;"piano"
23.5800;23.8360;51;3;"voice"
23.8530;24.1900;50;2;"voice"
23.8530;24.4980;65;5;"piano"
23.8530;24.4980;67;7;"piano"
23.8530;24.4980;71;11;"piano"
23.8530;24.4980;43;7;"piano"
23.8530;24.4980;55;7;"piano"
24.1850;24.4630;51;3;"voice"
24.4980;25.7290;48;0;"voice"
24.4980;25.1240;63;3;"piano"
24.4980;25.1410;67;7;"piano"
24.4980;25.1240;72;0;"piano"
24.4980;25.1240;48;0;"piano"
24.4980;25.1240;55;7;"piano"
25.1240;25.7290;63;3;"piano"
25.1240;25.7290;72;0;"piano"
25.1240;25.7290;48;0;"piano"
25.1240;25.7290;55;7;"piano"
25.7290;26.3150;63;3;"piano"
25.7290;26.3150;72;0;"piano"
25.7290;26.3150;48;0;"piano"
25.7290;26.3150;55;7;"piano"
26.3150;26.8600;63;3;"voice"
26.3150;26.8300;63;3;"piano"
26.3150;26.8300;72;0;"piano"
26.3150;26.8300;48;0;"piano"
26.3150;26.8300;55;7;"piano"
26.8600;27.4850;62;2;"voice"
26.8600;27.4850;63;3;"piano"
26.8600;27.4850;72;0;"piano"
26.8600;27.4850;48;0;"piano"
26.8600;27.4850;55;7;"piano"
27.4850;28.1110;60;0;"voice"
27.4850;28.1110;63;3;"piano"
27.4850;28.1110;72;0;"piano"
27.4850;28.1110;48;0;"piano"
27.4850;28.1110;55;7;"piano"
28.1110;28.6960;55;7;"voice"
28.1110;28.6960;63;3;"piano"
28.1110;28.6960;72;0;"piano"
28.1110;28.6960;48;0;"piano"
28.1110;28.6960;55;7;"piano"
28.6960;29.3620;51;3;"voice"
28.6960;29.3320;63;3;"piano"
28.6960;29.3320;72;0;"piano"
28.6960;29.3320;48;0;"piano"
28.6960;29.3320;55;7;"piano"
29.3620;30.2120;50;2;"voice"
29.3620;29.9270;62;2;"piano"
29.3620;29.9270;65;5;"piano"
29.3620;29.9270;72;0;"piano"
29.3620;29.9270;48;0;"piano"
29.3620;29.9270;56;8;"piano"
29.9270;30.4730;62;2;"piano"
29.9270;30.4730;65;5;"piano"
29.9270;30.4730;72;0;"piano"
29.9270;30.4730;48;0;"piano"
29.9270;30.4730;56;8;"piano"
30.2000;30.4560;51;3;"voice"
30.4730;31.0980;50;2;"voice"
30.4730;31.0980;62;2;"piano"
30.4730;31.0980;65;5;"piano"
30.4730;31.0980;72;0;"piano"
30.4730;31.0980;48;0;"piano"
30.4730;31.0980;56;8;"piano"
31.0980;31.8440;60;0;"voice"
31.0980;31.8140;62;2;"piano"
31.0980;31.8140;65;5;"piano"
31.0980;31.8140;72;0;"piano"
31.0980;31.8140;48;0;"piano"
31.0980;31.8140;56;8;"piano"
31.8440;32.6820;55;7;"voice"
31.8440;32.3890;63;3;"piano"
31.8440;32.3890;67;7;"piano"
31.8440;32.3890;72;0;"piano"
31.8440;32.3890;48;0;"piano"
31.8440;32.3890;55;7;"piano"
32.3890;33.0350;67;7;"piano"
32.3890;33.0350;75;3;"piano"
32.3890;33.0350;48;0;"piano"
32.3890;33.0350;55;7;"piano"
32.6820;33.0350;51;3;"voice"
33.0350;33.3520;55;7;"voice"
33.0350;33.6200;63;3;"piano"
33.0350;33.6200;67;7;"piano"
33.0350;33.6200;72;0;"piano"
33.0350;33.6200;43;7;"piano"
33.0350;33.6200;55;7;"piano"
33.3470;33.6030;51;3;"voice"
33.6200;33.9570;50;2;"voice"
33.6200;34.2450;65;5;"piano"
33.6200;34.2450;67;7;"piano"
33.6200;34.2450;71;11;"piano"
33.6200;34.2450;43;7;"piano"
33.6200;34.2450;55;7;"piano"
33.9530;34.2270;51;3;"voice"
34.2450;35.5360;48;0;"voice"
34.2450;34.8910;63;3;"piano"
34.2450;34.8910;67;7;"piano"
34.2450;34.8910;72;0;"piano"
34.2450;34.8910;48;0;"piano"
34.2450;34.8910;55;7;"piano"
34.8910;35.5360;63;3;"piano"
34.8910;35.5360;72;0;"piano"
34.8910;35.5360;48;0;"piano"
34.8910;35.5360;55;7;"piano"
35.5360;36.3020;65;5;"piano"
35.5360;36.3020;70;10;"piano"
35.5360;36.3020;50;2;"piano"
35.5360;36.3020;53;5;"piano"
36.3020;36.8870;46;10;"voice"
36.3020;36.8870;62;2;"piano"
36.3020;36.8870;68;8;"piano"
36.3020;36.8870;46;10;"piano"
36.3020;36.8870;58;10;"piano"
36.8870;37.4530;51;3;"voice"
36.8870;37.4530;63;3;"piano"
36.8870;37.4530;67;7;"piano"
36.8870;37.4530;51;3;"piano"
36.8870;37.4530;58;10;"piano"
37.4530;38.0580;51;3;"voice"
37.4530;37.7450;63;3;"piano"
37.4530;38.0580;51;3;"piano"
37.4530;38.0580;55;7;"piano"
37.7450;38.0580;65;5;"piano"
38.0580;38.6240;51;3;"voice"
38.0580;38.6240;63;3;"piano"
38.0580;38.6240;67;7;"piano"
38.0580;38.6240;48;0;"piano"
38.0580;38.6240;55;7;"piano"
38.6240;39.2690;51;3;"voice"
38.6240;39.2690;63;3;"piano"
38.6240;39.2690;69;9;"piano"
38.6240;39.2690;48;0;"piano"
38.6240;39.2690;53;5;"piano"
39.2690;40.2000;53;5;"voice"
39.2690;39.8750;63;3;"piano"
39.2690;39.8750;70;10;"piano"
39.2690;39.8750;46;10;"piano"
39.2690;39.8750;53;5;"piano"
39.8750;40.5200;63;3;"piano"
39.8750;40.5200;70;10;"piano"
39.8750;40.5200;46;10;"piano"
39.8750;40.5200;53;5;"piano"
40.1870;40.5030;55;7;"voice"
40.5200;41.0850;53;5;"voice"
40.5200;41.0850;62;2;"piano"
40.5200;41.0850;70;10;"piano"
40.5200;41.0850;46;10;"piano"
40.5200;41.0850;53;5;"piano"
41.0850;41.8310;55;7;"voice"
41.0850;41.8310;63;3;"piano"
41.0850;41.8310;70;10;"piano"
41.0850;41.8310;43;7;"piano"
41.8310;42.1080;58;10;"voice"
41.8310;42.3760;62;2;"piano"
41.8310;42.3760;70;10;"piano"
41.8310;42.3760;41;5;"piano"
42.1040;42.3590;56;8;"voice"
42.3760;42.9420;55;7;"voice"
42.3760;42.9420;63;3;"piano"
42.3760;42.9420;70;10;"piano"
42.3760;42.6690;43;7;"piano"
42.6690;42.9420;44;8;"piano"
42.9420;43.5670;53;5;"voice"
42.9420;43.5670;63;3;"piano"
42.9420;43.5670;65;5;"piano"
42.9420;43.5670;70;10;"piano"
42.9420;43.5670;46;10;"piano"
43.5670;43.8590;55;7;"voice"
43.5670;44.2330;62;2;"piano"
43.5670;44.2330;65;5;"piano"
43.5670;44.2330;70;10;"piano"
43.5670;44.2330;46;10;"piano"
43.8500;44.2160;56;8;"voice"
44.2330;45.3840;55;7;"voice"
44.2330;44.8380;63;3;"piano"
44.2330;44.8380;67;7;"piano"
44.2330;44.8380;70;10;"piano"
44.2330;44.8380;39;3;"piano"
44.8380;45.3950;63;3;"piano"
44.8380;45.3950;67;7;"piano"
44.8380;45.3840;51;3;"piano"
45.3840;46.0460;62;2;"piano"
45.3840;46.0460;68;8;"piano"
45.3840;46.0290;51;3;"piano"
45.3840;46.0460;53;5;"piano"
46.0290;46.7550;51;3;"voice"
46.0290;46.6800;61;1;"piano"
46.0290;46.6800;63;3;"piano"
46.0290;46.6800;70;10;"piano"
46.0290;46.6800;51;3;"piano"
46.0290;46.6800;55;7;"piano"
46.7550;47.3200;56;8;"voice"
46.7550;47.3200;60;0;"piano"
46.7550;47.3200;63;3;"piano"
46.7550;47.3200;72;0;"piano"
46.7550;47.3200;44;8;"piano"
46.7550;47.3200;51;3;"piano"
46.7550;47.3200;56;8;"piano"
47.3200;47.9050;56;8;"voice"
47.3200;47.5930;68;8;"piano"
47.3200;47.9050;56;8;"piano"
47.3200;47.9050;60;0;"piano"
47.5930;47.9050;70;10;"piano"
47.9050;48.4910;56;8;"voice"
47.9050;48.4910;68;8;"piano"
47.9050;48.4910;72;0;"piano"
47.9050;48.4910;53;5;"piano"
47.9050;48.4910;60;0;"piano"
48.4910;49.1360;56;8;"voice"
48.4910;49.1360;68;8;"piano"
48.4910;49.1360;74;2;"piano"
48.4910;49.1360;53;5;"piano"
48.4910;49.1360;58;10;"piano"
49.1360;50.1270;58;10;"voice"
49.1360;49.7540;68;8;"piano"
49.1360;49.7540;75;3;"piano"
49.1360;49.7540;51;3;"piano"
49.1360;49.7540;58;10;"piano"
49.7540;50.3870;68;8;"piano"
49.7540;50.3870;75;3;"piano"
49.7540;50.3870;51;3;"piano"
49.7540;50.3870;58;10;"piano"
50.1150;50.3700;60;0;"voice"
50.3870;51.0330;58;10;"voice"
50.3870;51.0330;67;7;"piano"
50.3870;51.0330;75;3;"piano"
50.3870;51.0330;51;3;"piano"
50.3870;51.0330;58;10;"piano"
51.0330;51.6380;60;0;"voice"
51.0330;51.6380;68;8;"piano"
51.0330;51.6380;75;3;"piano"
51.0330;51.6380;48;0;"piano"
51.6380;51.9150;63;3;"voice"
51.6380;52.1840;67;7;"piano"
51.6380;52.1840;75;3;"piano"
51.6380;52.1840;46;10;"piano"
51.9110;52.1670;61;1;"voice"
52.1840;52.7690;60;0;"voice"
52.1840;52.7690;68;8;"piano"
52.1840;52.7690;75;3;"piano"
52.1840;52.4630;48;0;"piano"
52.4630;52.7690;49;1;"piano"
52.7690;53.8870;58;10;"voice"
52.7690;53.3950;68;8;"piano"
52.7690;53.3950;70;10;"piano"
52.7690;53.3950;75;3;"piano"
52.7690;53.3950;51;3;"piano"
53.3950;54.2000;67;7;"piano"
53.3950;54.2000;70;10;"piano"
53.3950;54.2000;75;3;"piano"
53.3950;54.2000;39;3;"piano"
53.3950;54.2000;51;3;"piano"
53.8870;54.2000;60;0;"voice"
54.2000;55.4310;56;8;"voice"
54.2000;54.8410;68;8;"piano"
54.2000;54.8410;72;0;"piano"
54.2000;54.8410;75;3;"piano"
54.2000;54.8410;44;8;"piano"
54.2000;54.8410;51;3;"piano"
54.8410;55.4310;68;8;"piano"
54.8410;55.4310;72;0;"piano"
54.8410;55.4310;48;0;"piano"
54.8410;55.4310;56;8;"piano"
54.8410;55.4310;60;0;"piano"
55.4310;56.0160;68;8;"piano"
55.4310;56.0160;72;0;"piano"
55.4310;56.0160;51;3;"piano"
55.4310;56.0160;56;8;"piano"
55.4310;56.0160;60;0;"piano"
56.0160;56.7620;68;8;"piano"
56.0160;56.7620;72;0;"piano"
56.0160;56.7620;56;8;"piano"
56.0160;56.7620;60;0;"piano"
56.7620;57.6400;62;2;"piano"
56.7620;57.6400;74;2;"piano"
56.7620;57.3670;53;5;"piano"
56.7620;57.3670;56;8;"piano"
56.7620;57.3670;60;0;"piano"
57.3670;57.9730;53;5;"piano"
57.3670;57.9730;56;8;"piano"
57.3670;57.9730;60;0;"piano"
57.6400;57.9730;63;3;"piano"
57.6400;57.9730;75;3;"piano"
57.9730;58.5980;62;2;"piano"
57.9730;58.5980;74;2;"piano"
57.9730;58.5980;53;5;"piano"
57.9730;58.5980;56;8;"piano"
57.9730;58.5980;60;0;"piano"
58.5980;59.2440;53;5;"piano"
58.5980;59.2440;56;8;"piano"
58.5980;59.2440;60;0;"piano"
59.2440;60.1340;67;7;"piano"
59.2440;60.1340;79;7;"piano"
59.2440;59.8490;51;3;"piano"
59.2440;59.8490;55;7;"piano"
59.2440;59.8490;60;0;"piano"
59.8490;60.5550;51;3;"piano"
59.8490;60.5550;55;7;"piano"
59.8490;60.5550;60;0;"piano"
60.1340;60.5550;68;8;"piano"
60.1340;60.5550;80;8;"piano"
60.5550;61.1200;67;7;"piano"
60.5550;61.1200;79;7;"piano"
60.5550;61.1200;51;3;"piano"
60.5550;61.1200;55;7;"piano"
60.5550;61.1200;60;0;"piano"
61.1200;61.8050;60;0;"voice"
61.1200;61.8050;51;3;"piano"
61.1200;61.8050;55;7;"piano"
61.1200;61.8050;60;0;"piano"
61.8050;62.6640;56;8;"voice"
61.8050;62.6640;62;2;"piano"
61.8050;62.6640;74;2;"piano"
61.8050;62.3510;53;5;"piano"
61.8050;62.3510;56;8;"piano"
61.8050;62.3510;60;0;"piano"
62.3510;63.0360;53;5;"piano"
62.3510;63.0360;56;8;"piano"
62.3510;63.0360;60;0;"piano"
62.6640;63.0360;53;5;"voice"
62.6640;63.0360;63;3;"piano"
62.6640;63.0360;75;3;"piano"
63.0360;63.6420;50;2;"voice"
63.0360;63.6420;62;2;"piano"
63.0360;63.6420;74;2;"piano"
63.0360;63.6420;53;5;"piano"
63.0360;63.6420;56;8;"piano"
63.0360;63.6420;60;0;"piano"
63.6420;64.2870;60;0;"voice"
63.6420;64.2870;53;5;"piano"
63.6420;64.2870;56;8;"piano"
63.6420;64.2870;60;0;"piano"
64.2870;65.1620;55;7;"voice"
64.2870;65.1250;67;7;"piano"
64.2870;65.1250;79;7;"piano"
64.2870;64.8530;51;3;"piano"
64.2870;64.8530;55;7;"piano"
64.2870;64.8530;60;0;"piano"
64.8530;65.4780;51;3;"piano"
64.8530;65.4780;55;7;"piano"
64.8530;65.4780;60;0;"piano"
65.1250;65.4610;51;3;"voice"
65.1250;65.4780;68;8;"piano"
65.1250;65.4780;80;8;"piano"
65.4780;66.0440;48;0;"voice"
65.4780;66.0440;67;7;"piano"
65.4780;66.0440;79;7;"piano"
65.4780;66.0440;51;3;"piano"
65.4780;66.0440;55;7;"piano"
65.4780;66.0440;60;0;"piano"
66.0440;66.3920;51;3;"voice"
66.0440;66.6890;63;3;"piano"
66.0440;66.6890;67;7;"piano"
66.0440;66.6890;43;7;"piano"
66.0440;66.6890;55;7;"piano"
66.3830;66.6720;53;5;"voice"
66.6890;67.2640;55;7;"voice"
66.6890;67.2640;63;3;"piano"
66.6890;67.2640;67;7;"piano"
66.6890;67.2640;55;7;"piano"
66.6890;67.2640;43;7;"piano"
67.2640;67.8800;55;7;"voice"
67.2640;67.8800;63;3;"piano"
67.2640;67.8800;67;7;"piano"
67.2640;67.8800;72;0;"piano"
67.2640;67.8800;55;7;"piano"
67.2640;67.8800;43;7;"piano"
67.8800;68.4810;55;7;"voice"
67.8800;68.4810;65;5;"piano"
67.8800;68.4810;67;7;"piano"
67.8800;68.4810;74;2;"piano"
67.8800;68.4810;55;7;"piano"
67.8800;68.4810;43;7;"piano"
68.4810;68.8030;57;9;"voice"
68.4810;69.1110;65;5;"piano"
68.4810;69.1110;67;7;"piano"
68.4810;69.1110;55;7;"piano"
68.4810;68.9350;50;2;"piano"
68.7980;69.0620;59;11;"voice"
68.9350;69.1110;51;3;"piano"
69.1110;70.2620;60;0;"voice"
69.1110;69.6560;63;3;"piano"
69.1110;69.6560;67;7;"piano"
69.1110;69.6560;72;0;"piano"
69.1110;69.6560;48;0;"piano"
69.1110;69.6560;55;7;"piano"
69.6560;70.2620;63;3;"piano"
69.6560;70.2620;67;7;"piano"
69.6560;70.2620;48;0;"piano"
69.6560;70.2620;55;7;"piano"
69.6560;70.2620;60;0;"piano"
70.2620;70.8470;63;3;"piano"
70.2620;70.8470;67;7;"piano"
70.2620;70.8470;72;0;"piano"
70.2620;70.8470;48;0;"piano"
70.2620;70.8470;55;7;"piano"
70.2620;70.8470;60;0;"piano"
70.8470;71.5930;60;0;"voice"
70.8470;71.5930;63;3;"piano"
70.8470;71.5930;67;7;"piano"
70.8470;71.5930;75;3;"piano"
70.8470;71.5930;48;0;"piano"
70.8470;71.5930;55;7;"piano"
70.8470;71.5930;60;0;"piano"
71.5930;72.5710;56;8;"voice"
71.5930;72.5710;62;2;"piano"
71.5930;72.5710;74;2;"piano"
71.5930;72.1380;53;5;"piano"
71.5930;72.1380;56;8;"piano"
71.5930;72.1380;60;0;"piano"
72.1380;72.9240;53;5;"piano"
72.1380;72.9240;56;8;"piano"
72.1380;72.9240;60;0;"piano"
72.5710;72.9240;53;5;"voice"
72.5710;72.9240;63;3;"piano"
72.5710;72.9240;75;3;"piano"
72.9240;73.5490;50;2;"voice"
72.9240;73.5490;62;2;"piano"
72.9240;73.5490;74;2;"piano"
72.9240;73.5490;53;5;"piano"
72.9240;73.5490;56;8;"piano"
72.9240;73.5490;60;0;"piano"
73.5490;74.2350;60;0;"voice"
73.5490;74.2350;53;5;"piano"
73.5490;74.2350;56;8;"piano"
73.5490;74.2350;60;0;"piano"
74.2350;75.1760;55;7;"voice"
74.2350;75.1380;67;7;"piano"
74.2350;75.1380;79;7;"piano"
74.2350;74.8600;51;3;"piano"
74.2350;74.8600;55;7;"piano"
74.2350;74.8600;60;0;"piano"
74.8600;75.5650;51;3;"piano"
74.8600;75.5650;55;7;"piano"
74.8600;75.5650;60;0;"piano"
75.1380;75.5480;51;3;"voice"
75.1380;75.5650;68;8;"piano"
75.1380;75.5650;80;8;"piano"
75.5650;76.1910;48;0;"voice"
75.5650;76.1910;67;7;"piano"
75.5650;76.1910;79;7;"piano"
75.5650;76.1910;51;3;"piano"
75.5650;76.1910;55;7;"piano"
75.5650;76.1910;60;0;"piano"
76.1910;76.4680;51;3;"voice"
76.1910;76.8560;63;3;"piano"
76.1910;76.8560;67;7;"piano"
76.1910;76.8560;43;7;"piano"
76.1910;76.8560;55;7;"piano"
76.4640;76.8180;53;5;"voice"
76.8560;77.4620;55;7;"voice"
76.8560;77.4620;63;3;"piano"
76.8560;77.4620;67;7;"piano"
76.8560;77.4620;55;7;"piano"
76.8560;77.4620;43;7;"piano"
77.4620;78.0070;55;7;"voice"
77.4620;78.0070;63;3;"piano"
77.4620;78.0070;67;7;"piano"
77.4620;78.0070;75;3;"piano"
77.4620;78.0070;55;7;"piano"
77.4620;78.0070;43;7;"piano"
78.0070;78.7130;55;7;"voice"
78.0070;78.7130;74;2;"piano"
78.0070;78.7130;55;7;"piano"
78.0070;78.7130;43;7;"piano"
78.7130;79.4180;55;7;"voice"
78.7130;79.4180;65;5;"piano"
78.7130;79.4180;67;7;"piano"
78.7130;79.4180;71;11;"piano"
78.7130;79.4180;55;7;"piano"
78.7130;79.2450;50;2;"piano"
79.2450;79.4180;51;3;"piano"
79.4180;80.6690;48;0;"voice"
79.4180;80.6690;72;0;"piano"
79.4180;80.1040;63;3;"piano"
79.4180;80.1040;67;7;"piano"
79.4180;80.1040;48;0;"piano"
79.4180;80.1040;55;7;"piano"
80.1040;80.6690;63;3;"piano"
80.1040;80.6690;48;0;"piano"
80.1040;80.6690;55;7;"piano"
80.6690;81.2550;63;3;"piano"
80.6690;81.2550;48;0;"piano"
80.6690;81.2550;55;7;"piano"
81.2550;81.8690;75;3;"piano"
81.2550;81.8600;63;3;"piano"
81.2550;81.8600;48;0;"piano"
81.2550;81.8600;55;7;"piano"
81.8600;82.4750;74;2;"piano"
81.8600;82.4650;63;3;"piano"
81.8600;82.4650;48;0;"piano"
81.8600;82.4650;55;7;"piano"
82.4650;83.0200;72;0;"piano"
82.4650;83.0110;63;3;"piano"
82.4650;83.0110;48;0;"piano"
82.4650;83.0110;55;7;"piano"
83.0110;83.6070;67;7;"piano"
83.0110;83.6070;63;3;"piano"
83.0110;83.6360;48;0;"piano"
83.0110;83.6360;55;7;"piano"
83.6360;84.0900;63;3;"piano"
83.6360;84.2310;56;8;"piano"
83.6360;84.2310;59;11;"piano"
83.6360;84.2220;48;0;"piano"
83.6360;84.2220;53;5;"piano"
84.0810;84.2220;62;2;"piano"
84.2220;85.3370;55;7;"piano"
84.2220;85.3540;60;0;"piano"
84.2220;84.8470;48;0;"piano"
84.2220;84.8470;51;3;"piano"
84.8470;85.3930;48;0;"piano"
84.8470;85.3930;51;3;"piano"
85.3930;85.9290;55;7;"piano"
85.3930;85.9580;48;0;"piano"
85.3930;85.9580;51;3;"piano"
85.9580;86.6530;56;8;"piano"
85.9580;86.6530;59;11;"piano"
85.9580;91.2330;62;2;"piano"
85.9580;86.6440;48;0;"piano"
85.9580;86.6440;53;5;"piano"
86.6440;87.7390;55;7;"piano"
86.6440;87.7560;60;0;"piano"
86.6440;87.2490;48;0;"piano"
86.6440;87.2490;51;3;"piano"
87.2490;87.7990;48;0;"piano"
87.2490;87.7990;51;3;"piano"
87.7990;88.3500;55;7;"piano"
87.7990;88.3800;48;0;"piano"
87.7990;88.3800;51;3;"piano"
88.3800;89.0250;60;0;"piano"
88.3800;89.0350;68;8;"piano"
88.3800;89.0350;72;0;"piano"
88.3800;89.0250;41;5;"piano"
88.3800;89.0250;48;0;"piano"
88.3800;89.0250;53;5;"piano"
89.0250;90.1810;55;7;"piano"
89.0250;90.1810;60;0;"piano"
89.0250;90.1810;63;3;"piano"
89.0250;90.1810;67;7;"piano"
89.0250;89.6320;43;7;"piano"
89.0250;89.6320;48;0;"piano"
89.0250;89.6320;51;3;"piano"
89.6320;90.2360;43;7;"piano"
89.6320;90.2360;48;0;"piano"
89.6320;90.2360;51;3;"piano"
90.2360;90.5140;65;5;"piano"
90.2360;91.0950;60;0;"piano"
90.2360;90.7820;44;8;"piano"
90.2360;90.7820;48;0;"piano"
90.2360;90.7820;53;5;"piano"
90.5090;90.7860;63;3;"piano"
90.7820;91.4270;44;8;"piano"
90.7820;91.4270;48;0;"piano"
90.7820;91.4270;53;5;"piano"
91.0950;91.3720;60;0;"piano"
91.4270;91.9950;55;7;"piano"
91.4270;91.9950;60;0;"piano"
91.4270;91.9950;43;7;"piano"
91.4270;91.9950;51;3;"piano"
91.9950;92.5980;55;7;"piano"
91.9950;92.5980;60;0;"piano"
91.9950;92.5980;43;7;"piano"
91.9950;92.5980;51;3;"piano"
92.5980;93.2240;55;7;"piano"
92.5980;93.2240;59;11;"piano"
92.5980;93.2240;43;7;"piano"
92.5980;93.2240;50;2;"piano"
93.2240;93.8890;55;7;"piano"
93.2240;93.8890;59;11;"piano"
93.2240;93.8890;43;7;"piano"
93.2240;93.8890;50;2;"piano"
93.8890;94.5350;60;0;"piano"
93.8890;94.5350;51;3;"piano"
93.8890;94.5350;55;7;"piano"
93.8890;94.5350;36;0;"piano"
93.8890;94.5350;48;0;"piano"
94.5350;95.1200;63;3;"piano"
94.5350;95.1200;72;0;"piano"
94.5350;95.1200;48;0;"piano"
94.5350;95.1200;55;7;"piano"
95.1200;95.8450;63;3;"piano"
95.1200;95.8450;72;0;"piano"
95.1200;95.8450;48;0;"piano"
95.1200;95.8450;55;7;"piano"
95.8450;96.4110;63;3;"voice"
95.8450;96.3610;63;3;"piano"
95.8450;96.3610;72;0;"piano"
95.8450;96.3610;48;0;"piano"
95.8450;96.3610;55;7;"piano"
96.4110;96.9760;62;2;"voice"
96.4110;96.9760;63;3;"piano"
96.4110;96.9760;72;0;"piano"
96.4110;96.9760;48;0;"piano"
96.4110;96.9760;55;7;"piano"
96.9760;97.5220;60;0;"voice"
96.9760;97.5220;63;3;"piano"
96.9760;97.5220;72;0;"piano"
96.9760;97.5220;48;0;"piano"
96.9760;97.5220;55;7;"piano"
97.5220;98.1670;55;7;"voice"
97.5220;98.1670;63;3;"piano"
97.5220;98.1670;72;0;"piano"
97.5220;98.1670;48;0;"piano"
97.5220;98.1670;55;7;"piano"
98.1670;98.7730;51;3;"voice"
98.1670;98.6830;63;3;"piano"
98.1670;98.6830;72;0;"piano"
98.1670;98.6830;48;0;"piano"
98.1670;98.6830;55;7;"piano"
98.7730;99.7030;50;2;"voice"
98.7730;99.3980;62;2;"piano"
98.7730;99.3980;65;5;"piano"
98.7730;99.3980;72;0;"piano"
98.7730;99.3980;48;0;"piano"
98.7730;99.3980;56;8;"piano"
99.3980;99.9640;62;2;"piano"
99.3980;99.9640;65;5;"piano"
99.3980;99.9640;72;0;"piano"
99.3980;99.9640;48;0;"piano"
99.3980;99.9640;56;8;"piano"
99.6910;99.9470;51;3;"voice"
99.9640;100.6100;50;2;"voice"
99.9640;100.6100;62;2;"piano"
99.9640;100.6100;65;5;"piano"
99.9640;100.6100;72;0;"piano"
99.9640;100.6100;48;0;"piano"
99.9640;100.6100;56;8;"piano"
100.6100;101.2700;60;0;"voice"
100.6100;101.1200;62;2;"piano"
100.6100;101.1200;65;5;"piano"
100.6100;101.1200;72;0;"piano"
100.6100;101.1200;48;0;"piano"
100.6100;101.1200;56;8;"piano"
101.2700;102.1100;55;7;"voice"
101.2700;101.8200;63;3;"piano"
101.2700;101.8200;67;7;"piano"
101.2700;101.8200;72;0;"piano"
101.2700;101.8200;48;0;"piano"
101.2700;101.8200;55;7;"piano"
101.8200;102.4700;67;7;"piano"
101.8200;102.4700;75;3;"piano"
101.8200;102.4700;48;0;"piano"
101.8200;102.4700;55;7;"piano"
102.1100;102.4700;51;3;"voice"
102.4700;102.7400;55;7;"voice"
102.4700;103.0300;63;3;"piano"
102.4700;103.0300;67;7;"piano"
102.4700;103.0300;72;0;"piano"
102.4700;103.0300;43;7;"piano"
102.4700;103.0300;55;7;"piano"
102.7400;103.0100;51;3;"voice"
103.0300;103.3300;50;2;"voice"
103.0300;103.7000;65;5;"piano"
103.0300;103.7000;67;7;"piano"
103.0300;103.7000;71;11;"piano"
103.0300;103.7000;43;7;"piano"
103.0300;103.7000;55;7;"piano"
103.3200;103.6300;51;3;"voice"
103.7000;104.9000;48;0;"voice"
103.7000;104.3400;63;3;"piano"
103.7000;104.3500;67;7;"piano"
103.7000;104.3400;72;0;"piano"
103.7000;104.3400;48;0;"piano"
103.7000;104.3400;55;7;"piano"
104.3400;104.9000;63;3;"piano"
104.3400;104.9000;72;0;"piano"
104.3400;104.9000;48;0;"piano"
104.3400;104.9000;55;7;"piano"
104.9000;105.5000;63;3;"piano"
104.9000;105.5000;72;0;"piano"
104.9000;105.5000;48;0;"piano"
104.9000;105.5000;55;7;"piano"
105.5000;106.1500;63;3;"voice"
105.5000;106.1000;63;3;"piano"
105.5000;106.1000;72;0;"piano"
105.5000;106.1000;48;0;"piano"
105.5000;106.1000;55;7;"piano"
106.1500;106.7600;62;2;"voice"
106.1500;106.7600;63;3;"piano"
106.1500;106.7600;72;0;"piano"
106.1500;106.7600;48;0;"piano"
106.1500;106.7600;55;7;"piano"
106.7600;107.3700;60;0;"voice"
106.7600;107.3700;63;3;"piano"
106.7600;107.3700;72;0;"piano"
106.7600;107.3700;48;0;"piano"
106.7600;107.3700;55;7;"piano"
107.3700;107.9500;55;7;"voice"
107.3700;107.9500;63;3;"piano"
107.3700;107.9500;72;0;"piano"
107.3700;107.9500;48;0;"piano"
107.3700;107.9500;55;7;"piano"
107.9500;108.6600;51;3;"voice"
107.9500;108.6300;63;3;"piano"
107.9500;108.6300;72;0;"piano"
107.9500;108.6300;48;0;"piano"
107.9500;108.6300;55;7;"piano"
108.6600;109.5700;50;2;"voice"
108.6600;109.2100;62;2;"piano"
108.6600;109.2100;65;5;"piano"
108.6600;109.2100;72;0;"piano"
108.6600;109.2100;48;0;"piano"
108.6600;109.2100;56;8;"piano"
109.2100;109.8300;62;2;"piano"
109.2100;109.8300;65;5;"piano"
109.2100;109.8300;72;0;"piano"
109.2100;109.8300;48;0;"piano"
109.2100;109.8300;56;8;"piano"
109.5600;109.8100;51;3;"voice"
109.8300;110.4600;50;2;"voice"
109.8300;110.4600;62;2;"piano"
109.8300;110.4600;65;5;"piano"
109.8300;110.4600;72;0;"piano"
109.8300;110.4600;48;0;"piano"
109.8300;110.4600;56;8;"piano"
110.4600;111.1200;60;0;"voice"
110.4600;111.0700;62;2;"piano"
110.4600;111.0700;65;5;"piano"
110.4600;111.0700;72;0;"piano"
110.4600;111.0700;48;0;"piano"
110.4600;111.0700;56;8;"piano"
111.1200;111.9800;55;7;"voice"
111.1200;111.7100;63;3;"piano"
111.1200;111.7100;67;7;"piano"
111.1200;111.7100;72;0;"piano"
111.1200;111.7100;48;0;"piano"
111.1200;111.7100;55;7;"piano"
111.7100;112.3300;67;7;"piano"
111.7100;112.3300;75;3;"piano"
111.7100;112.3300;48;0;"piano"
111.7100;112.3300;55;7;"piano"
111.9800;112.3300;51;3;"voice"
112.3300;112.6100;55;7;"voice"
112.3300;112.9600;63;3;"piano"
112.3300;112.9600;67;7;"piano"
112.3300;112.9600;72;0;"piano"
112.3300;112.9600;43;7;"piano"
112.3300;112.9600;55;7;"piano"
112.6100;112.9100;51;3;"voice"
112.9600;113.3600;50;2;"voice"
112.9600;113.6200;65;5;"piano"
112.9600;113.6200;67;7;"piano"
112.9600;113.6200;71;11;"piano"
112.9600;113.6200;43;7;"piano"
112.9600;113.6200;55;7;"piano"
113.3500;113.6100;51;3;"voice"
113.6200;114.9100;48;0;"voice"
113.6200;114.2700;63;3;"piano"
113.6200;114.2700;67;7;"piano"
113.6200;114.2700;72;0;"piano"
113.6200;114.2700;48;0;"piano"
113.6200;114.2700;55;7;"piano"
114.2700;114.9100;63;3;"piano"
114.2700;114.9100;72;0;"piano"
114.2700;114.9100;48;0;"piano"
114.2700;114.9100;55;7;"piano"
114.9100;115.6400;65;5;"piano"
114.9100;115.6400;70;10;"piano"
114.9100;115.6400;50;2;"piano"
114.9100;115.6400;53;5;"piano"
115.6400;116.3900;46;10;"voice"
115.6400;116.3900;62;2;"piano"
115.6400;116.3900;68;8;"piano"
115.6400;116.3900;46;10;"piano"
115.6400;116.3900;58;10;"piano"
116.3900;116.9300;51;3;"voice"
116.3900;116.9300;63;3;"piano"
116.3900;116.9300;67;7;"piano"
116.3900;116.9300;51;3;"piano"
116.3900;116.9300;58;10;"piano"
116.9300;117.6000;51;3;"voice"
116.9300;117.2600;63;3;"piano"
116.9300;117.6000;51;3;"piano"
116.9300;117.6000;55;7;"piano"
117.2600;117.6000;65;5;"piano"
117.6000;118.2000;51;3;"voice"
117.6000;118.2000;63;3;"piano"
117.6000;118.2000;67;7;"piano"
117.6000;118.2000;48;0;"piano"
117.6000;118.2000;55;7;"piano"
118.2000;119.0700;51;3;"voice"
118.2000;119.0700;63;3;"piano"
118.2000;119.0700;69;9;"piano"
118.2000;119.0700;48;0;"piano"
118.2000;119.0700;53;5;"piano"
119.0700;119.9000;53;5;"voice"
119.0700;119.6100;63;3;"piano"
119.0700;119.6100;70;10;"piano"
119.0700;119.6100;46;10;"piano"
119.0700;119.6100;53;5;"piano"
119.6100;120.1600;63;3;"piano"
119.6100;120.1600;70;10;"piano"
119.6100;120.1600;46;10;"piano"
119.6100;120.1600;53;5;"piano"
119.8900;120.1400;55;7;"voice"
120.1600;120.7600;53;5;"voice"
120.1600;120.7600;62;2;"piano"
120.1600;120.7600;70;10;"piano"
120.1600;120.7600;46;10;"piano"
120.1600;120.7600;53;5;"piano"
120.7600;121.4100;55;7;"voice"
120.7600;121.4100;63;3;"piano"
120.7600;121.4100;70;10;"piano"
120.7600;121.4100;43;7;"piano"
121.4100;121.7100;58;10;"voice"
121.4100;122.0000;62;2;"piano"
121.4100;122.0000;70;10;"piano"
121.4100;122.0000;41;5;"piano"
121.7000;121.9600;56;8;"voice"
122.0000;122.6400;55;7;"voice"
122.0000;122.6400;63;3;"piano"
122.0000;122.6400;70;10;"piano"
122.0000;122.3300;43;7;"piano"
122.3300;122.6400;44;8;"piano"
122.6400;123.2800;53;5;"voice"
122.6400;123.2800;63;3;"piano"
122.6400;123.2800;65;5;"piano"
122.6400;123.2800;70;10;"piano"
122.6400;123.2800;46;10;"piano"
123.2800;123.5800;55;7;"voice"
123.2800;123.8900;62;2;"piano"
123.2800;123.8900;65;5;"piano"
123.2800;123.8900;70;10;"piano"
123.2800;123.8900;46;10;"piano"
123.5800;123.8400;56;8;"voice"
123.8900;125.1400;55;7;"voice"
123.8900;124.6000;63;3;"piano"
123.8900;124.6000;67;7;"piano"
123.8900;124.6000;70;10;"piano"
123.8900;124.6000;39;3;"piano"
124.6000;125.1500;63;3;"piano"
124.6000;125.1500;67;7;"piano"
124.6000;125.1400;51;3;"piano"
125.1400;125.7800;62;2;"piano"
125.1400;125.7800;68;8;"piano"
125.1400;125.7700;51;3;"piano"
125.1400;125.7800;53;5;"piano"
125.7700;126.3300;51;3;"voice"
125.7700;126.2800;61;1;"piano"
125.7700;126.2800;63;3;"piano"
125.7700;126.2800;70;10;"piano"
125.7700;126.2800;51;3;"piano"
125.7700;126.2800;55;7;"piano"
126.3300;126.9800;56;8;"voice"
126.3300;126.9800;60;0;"piano"
126.3300;126.9800;63;3;"piano"
126.3300;126.9800;72;0;"piano"
126.3300;126.9800;44;8;"piano"
126.3300;126.9800;51;3;"piano"
126.3300;126.9800;56;8;"piano"
126.9800;127.6400;56;8;"voice"
126.9800;127.2500;68;8;"piano"
126.9800;127.6400;56;8;"piano"
126.9800;127.6400;60;0;"piano"
127.2500;127.6400;70;10;"piano"
127.6400;128.1900;56;8;"voice"
127.6400;128.1900;68;8;"piano"
127.6400;128.1900;72;0;"piano"
127.6400;128.1900;53;5;"piano"
127.6400;128.1900;60;0;"piano"
128.1900;128.8100;56;8;"voice"
128.1900;128.8100;68;8;"piano"
128.1900;128.8100;74;2;"piano"
128.1900;128.8100;53;5;"piano"
128.1900;128.8100;58;10;"piano"
128.8100;129.7100;58;10;"voice"
128.8100;129.4200;68;8;"piano"
128.8100;129.4200;75;3;"piano"
128.8100;129.4200;51;3;"piano"
128.8100;129.4200;58;10;"piano"
129.4200;130.0500;68;8;"piano"
129.4200;130.0500;75;3;"piano"
129.4200;130.0500;51;3;"piano"
129.4200;130.0500;58;10;"piano"
129.6900;130.0300;60;0;"voice"
130.0500;130.5900;58;10;"voice"
130.0500;130.5900;67;7;"piano"
130.0500;130.5900;75;3;"piano"
130.0500;130.5900;51;3;"piano"
130.0500;130.5900;58;10;"piano"
130.5900;131.3000;60;0;"voice"
130.5900;131.3000;68;8;"piano"
130.5900;131.3000;75;3;"piano"
130.5900;131.3000;48;0;"piano"
131.3000;131.6700;63;3;"voice"
131.3000;131.9400;67;7;"piano"
131.3000;131.9400;75;3;"piano"
131.3000;131.9400;46;10;"piano"
131.6700;131.9200;61;1;"voice"
131.9400;132.6100;60;0;"voice"
131.9400;132.6100;68;8;"piano"
131.9400;132.6100;75;3;"piano"
131.9400;132.3300;48;0;"piano"
132.3300;132.6100;49;1;"piano"
132.6100;133.6400;58;10;"voice"
132.6100;133.1900;68;8;"piano"
132.6100;133.1900;70;10;"piano"
132.6100;133.1900;75;3;"piano"
132.6100;133.1900;51;3;"piano"
133.1900;134.0600;67;7;"piano"
133.1900;134.0600;70;10;"piano"
133.1900;134.0600;75;3;"piano"
133.1900;134.0600;39;3;"piano"
133.1900;134.0600;51;3;"piano"
133.6400;134.0600;60;0;"voice"
134.0600;135.2500;56;8;"voice"
134.0600;134.6400;68;8;"piano"
134.0600;134.6400;72;0;"piano"
134.0600;134.6400;75;3;"piano"
134.0600;134.6400;44;8;"piano"
134.0600;134.6400;51;3;"piano"
134.6400;135.2500;68;8;"piano"
134.6400;135.2500;72;0;"piano"
134.6400;135.2500;48;0;"piano"
134.6400;135.2500;56;8;"piano"
134.6400;135.2500;60;0;"piano"
135.2500;135.8300;68;8;"piano"
135.2500;135.8300;72;0;"piano"
135.2500;135.8300;51;3;"piano"
135.2500;135.8300;56;8;"piano"
135.2500;135.8300;60;0;"piano"
135.8300;136.5600;68;8;"piano"
135.8300;136.5600;72;0;"piano"
135.8300;136.5600;56;8;"piano"
135.8300;136.5600;60;0;"piano"
136.5600;137.5800;62;2;"piano"
136.5600;137.5800;74;2;"piano"
136.5600;137.2700;53;5;"piano"
136.5600;137.2700;56;8;"piano"
136.5600;137.2700;60;0;"piano"
137.2700;137.8900;53;5;"piano"
137.2700;137.8900;56;8;"piano"
137.2700;137.8900;60;0;"piano"
137.5800;137.8900;63;3;"piano"
137.5800;137.8900;75;3;"piano"
137.8900;138.4800;62;2;"piano"
137.8900;138.4800;74;2;"piano"
137.8900;138.4800;53;5;"piano"
137.8900;138.4800;56;8;"piano"
137.8900;138.4800;60;0;"piano"
138.4800;139.1400;53;5;"piano"
138.4800;139.1400;56;8;"piano"
138.4800;139.1400;60;0;"piano"
139.1400;140.0700;67;7;"piano"
139.1400;140.0700;79;7;"piano"
139.1400;139.7900;51;3;"piano"
139.1400;139.7900;55;7;"piano"
139.1400;139.7900;60;0;"piano"
139.7900;140.3600;51;3;"piano"
139.7900;140.3600;55;7;"piano"
139.7900;140.3600;60;0;"piano"
140.0700;140.3600;68;8;"piano"
140.0700;140.3600;80;8;"piano"
140.3600;140.9400;67;7;"piano"
140.3600;140.9400;79;7;"piano"
140.3600;140.9400;51;3;"piano"
140.3600;140.9400;55;7;"piano"
140.3600;140.9400;60;0;"piano"
140.9400;141.6800;60;0;"voice"
140.9400;141.6800;51;3;"piano"
140.9400;141.6800;55;7;"piano"
140.9400;141.6800;60;0;"piano"
141.6800;142.5800;56;8;"voice"
141.6800;142.5800;62;2;"piano"
141.6800;142.5800;74;2;"piano"
141.6800;142.2300;53;5;"piano"
141.6800;142.2300;56;8;"piano"
141.6800;142.2300;60;0;"piano"
142.2300;142.8900;53;5;"piano"
142.2300;142.8900;56;8;"piano"
142.2300;142.8900;60;0;"piano"
142.5800;142.8900;53;5;"voice"
142.5800;142.8900;63;3;"piano"
142.5800;142.8900;75;3;"piano"
142.8900;143.6200;50;2;"voice"
142.8900;143.6200;62;2;"piano"
142.8900;143.6200;74;2;"piano"
142.8900;143.6200;53;5;"piano"
142.8900;143.6200;56;8;"piano"
142.8900;143.6200;60;0;"piano"
143.6200;144.2100;60;0;"voice"
143.6200;144.2100;53;5;"piano"
143.6200;144.2100;56;8;"piano"
143.6200;144.2100;60;0;"piano"
144.2100;145.1200;55;7;"voice"
144.2100;145.1000;67;7;"piano"
144.2100;145.1000;79;7;"piano"
144.2100;144.8300;51;3;"piano"
144.2100;144.8300;55;7;"piano"
144.2100;144.8300;60;0;"piano"
144.8300;145.5000;51;3;"piano"
144.8300;145.5000;55;7;"piano"
144.8300;145.5000;60;0;"piano"
145.1000;145.4100;51;3;"voice"
145.1000;145.5000;68;8;"piano"
145.1000;145.5000;80;8;"piano"
145.5000;146.1800;48;0;"voice"
145.5000;146.1800;67;7;"piano"
145.5000;146.1800;79;7;"piano"
145.5000;146.1800;51;3;"piano"
145.5000;146.1800;55;7;"piano"
145.5000;146.1800;60;0;"piano"
146.1800;146.4600;51;3;"voice"
146.1800;146.7600;63;3;"piano"
146.1800;146.7600;67;7;"piano"
146.1800;146.7600;43;7;"piano"
146.1800;146.7600;55;7;"piano"
146.4500;146.7300;53;5;"voice"
146.7600;147.3300;55;7;"voice"
146.7600;147.3300;63;3;"piano"
146.7600;147.3300;67;7;"piano"
146.7600;147.3300;55;7;"piano"
146.7600;147.3300;43;7;"piano"
147.3300;147.9200;55;7;"voice"
147.3300;147.9200;63;3;"piano"
147.3300;147.9200;67;7;"piano"
147.3300;147.9200;72;0;"piano"
147.3300;147.9200;55;7;"piano"
147.3300;147.9200;43;7;"piano"
147.9200;148.5400;55;7;"voice"
147.9200;148.5400;65;5;"piano"
147.9200;148.5400;67;7;"piano"
147.9200;148.5400;74;2;"piano"
147.9200;148.5400;55;7;"piano"
147.9200;148.5400;43;7;"piano"
148.5400;148.8600;57;9;"voice"
148.5400;149.1500;65;5;"piano"
148.5400;149.1500;67;7;"piano"
148.5400;149.1500;55;7;"piano"
148.5400;148.9900;50;2;"piano"
148.8600;149.1300;59;11;"voice"
148.9900;149.1500;51;3;"piano"
149.1500;150.3200;60;0;"voice"
149.1500;149.7300;63;3;"piano"
149.1500;149.7300;67;7;"piano"
149.1500;149.7300;72;0;"piano"
149.1500;149.7300;48;0;"piano"
149.1500;149.7300;55;7;"piano"
149.7300;150.3200;63;3;"piano"
149.7300;150.3200;67;7;"piano"
149.7300;150.3200;48;0;"piano"
149.7300;150.3200;55;7;"piano"
149.7300;150.3200;60;0;"piano"
150.3200;150.9500;63;3;"piano"
150.3200;150.9500;67;7;"piano"
150.3200;150.9500;72;0;"piano"
150.3200;150.9500;48;0;"piano"
150.3200;150.9500;55;7;"piano"
150.3200;150.9500;60;0;"piano"
150.9500;151.6700;60;0;"voice"
150.9500;151.6700;63;3;"piano"
150.9500;151.6700;67;7;"piano"
150.9500;151.6700;75;3;"piano"
150.9500;151.6700;48;0;"piano"
150.9500;151.6700;55;7;"piano"
150.9500;151.6700;60;0;"piano"
151.6700;152.5900;56;8;"voice"
151.6700;152.5900;62;2;"piano"
151.6700;152.5900;74;2;"piano"
151.6700;152.2200;53;5;"piano"
151.6700;152.2200;56;8;"piano"
151.6700;152.2200;60;0;"piano"
152.2200;152.9400;53;5;"piano"
152.2200;152.9400;56;8;"piano"
152.2200;152.9400;60;0;"piano"
152.5900;152.9400;53;5;"voice"
152.5900;152.9400;63;3;"piano"
152.5900;152.9400;75;3;"piano"
152.9400;153.6100;50;2;"voice"
152.9400;153.6100;62;2;"piano"
152.9400;153.6100;74;2;"piano"
152.9400;153.6100;53;5;"piano"
152.9400;153.6100;56;8;"piano"
152.9400;153.6100;60;0;"piano"
153.6100;154.2100;60;0;"voice"
153.6100;154.2100;53;5;"piano"
153.6100;154.2100;56;8;"piano"
153.6100;154.2100;60;0;"piano"
154.2100;155.1000;55;7;"voice"
154.2100;155.0900;67;7;"piano"
154.2100;155.0900;79;7;"piano"
154.2100;154.8200;51;3;"piano"
154.2100;154.8200;55;7;"piano"
154.2100;154.8200;60;0;"piano"
154.8200;155.5400;51;3;"piano"
154.8200;155.5400;55;7;"piano"
154.8200;155.5400;60;0;"piano"
155.0900;155.5300;51;3;"voice"
155.0900;155.5400;68;8;"piano"
155.0900;155.5400;80;8;"piano"
155.5400;156.0900;48;0;"voice"
155.5400;156.0900;67;7;"piano"
155.5400;156.0900;79;7;"piano"
155.5400;156.0900;51;3;"piano"
155.5400;156.0900;55;7;"piano"
155.5400;156.0900;60;0;"piano"
156.0900;156.4500;51;3;"voice"
156.0900;156.7300;63;3;"piano"
156.0900;156.7300;67;7;"piano"
156.0900;156.7300;43;7;"piano"
156.0900;156.7300;55;7;"piano"
156.4400;156.7200;53;5;"voice"
156.7300;157.3400;55;7;"voice"
156.7300;157.3400;63;3;"piano"
156.7300;157.3400;67;7;"piano"
156.7300;157.3400;55;7;"piano"
156.7300;157.3400;43;7;"piano"
157.3400;157.9500;55;7;"voice"
157.3400;157.9500;63;3;"piano"
157.3400;157.9500;67;7;"piano"
157.3400;157.9500;75;3;"piano"
157.3400;157.9500;55;7;"piano"
157.3400;157.9500;43;7;"piano"
157.9500;158.5900;55;7;"voice"
157.9500;158.5900;74;2;"piano"
157.9500;158.5900;55;7;"piano"
157.9500;158.5900;43;7;"piano"
158.5900;159.3000;55;7;"voice"
158.5900;159.3000;65;5;"piano"
158.5900;159.3000;67;7;"piano"
158.5900;159.3000;71;11;"piano"
158.5900;159.3000;55;7;"piano"
158.5900;159.1200;50;2;"piano"
159.1200;159.3000;51;3;"piano"
159.3000;160.5300;48;0;"voice"
159.3000;160.5300;72;0;"piano"
159.3000;159.8600;63;3;"piano"
159.3000;159.8600;67;7;"piano"
159.3000;159.8600;48;0;"piano"
159.3000;159.8600;55;7;"piano"
159.8600;160.5300;63;3;"piano"
159.8600;160.5300;48;0;"piano"
159.8600;160.5300;55;7;"piano"
160.5300;161.0900;63;3;"piano"
160.5300;161.0900;48;0;"piano"
160.5300;161.0900;55;7;"piano"
161.0900;161.7500;75;3;"piano"
161.0900;161.7400;63;3;"piano"
161.0900;161.7400;48;0;"piano"
161.0900;161.7400;55;7;"piano"
161.7400;162.3300;74;2;"piano"
161.7400;162.3200;63;3;"piano"
161.7400;162.3200;48;0;"piano"
161.7400;162.3200;55;7;"piano"
162.3200;162.9100;72;0;"piano"
162.3200;162.8900;63;3;"piano"
162.3200;162.8900;48;0;"piano"
162.3200;162.8900;55;7;"piano"
162.8900;163.4400;67;7;"piano"
162.8900;163.4400;63;3;"piano"
162.8900;163.4700;48;0;"piano"
162.8900;163.4700;55;7;"piano"
163.4700;163.9900;63;3;"piano"
163.4700;164.1300;56;8;"piano"
163.4700;164.1300;59;11;"piano"
163.4700;164.1200;48;0;"piano"
163.4700;164.1200;53;5;"piano"
163.9800;164.1200;62;2;"piano"
164.1200;165.2200;55;7;"piano"
164.1200;165.2300;60;0;"piano"
164.1200;164.7300;48;0;"piano"
164.1200;164.7300;51;3;"piano"
164.7300;165.3100;48;0;"piano"
164.7300;165.3100;51;3;"piano"
165.3100;165.8300;55;7;"piano"
165.3100;165.8600;48;0;"piano"
165.3100;165.8600;51;3;"piano"
165.8600;166.5700;56;8;"piano"
165.8600;166.5700;59;11;"piano"
165.8600;166.5700;62;2;"piano"
165.8600;166.5400;48;0;"piano"
165.8600;166.5400;53;5;"piano"
166.5400;167.5800;55;7;"piano"
166.5400;167.6000;60;0;"piano"
166.5400;167.1500;48;0;"piano"
166.5400;167.1500;51;3;"piano"
167.1500;167.7100;48;0;"piano"
167.1500;167.7100;51;3;"piano"
167.7100;168.3100;55;7;"piano"
167.7100;168.3400;48;0;"piano"
167.7100;168.3400;51;3;"piano"
168.3400;169.0600;60;0;"piano"
168.3400;169.0700;68;8;"piano"
168.3400;169.0700;72;0;"piano"
168.3400;169.0600;41;5;"piano"
168.3400;169.0600;48;0;"piano"
168.3400;169.0600;53;5;"piano"
169.0600;170.1800;55;7;"piano"
169.0600;170.1800;60;0;"piano"
169.0600;170.1800;63;3;"piano"
169.0600;170.1800;67;7;"piano"
169.0600;169.6500;43;7;"piano"
169.0600;169.6500;48;0;"piano"
169.0600;169.6500;51;3;"piano"
169.6500;170.2300;43;7;"piano"
169.6500;170.2300;48;0;"piano"
169.6500;170.2300;51;3;"piano"
170.2300;170.5300;65;5;"piano"
170.2300;171.1000;60;0;"piano"
170.2300;170.8000;44;8;"piano"
170.2300;170.8000;48;0;"piano"
170.2300;170.8000;53;5;"piano"
170.5300;170.8000;63;3;"piano"
170.8000;170.8800;62;2;"piano"
170.8000;171.4300;44;8;"piano"
170.8000;171.4300;48;0;"piano"
170.8000;171.4300;53;5;"piano"
170.8800;170.9500;63;3;"piano"
170.9500;171.1200;62;2;"piano"
171.1000;171.3700;60;0;"piano"
171.4300;171.9900;55;7;"piano"
171.4300;171.9900;60;0;"piano"
171.4300;171.9900;43;7;"piano"
171.4300;171.9900;51;3;"piano"
171.9900;172.5800;55;7;"piano"
171.9900;172.5800;60;0;"piano"
171.9900;172.5800;43;7;"piano"
171.9900;172.5800;51;3;"piano"
172.5800;173.1600;55;7;"piano"
172.5800;173.1600;59;11;"piano"
172.5800;173.1600;43;7;"piano"
172.5800;173.1600;50;2;"piano"
173.1600;173.9300;55;7;"piano"
173.1600;173.9300;59;11;"piano"
173.1600;173.9300;43;7;"piano"
173.1600;173.9300;50;2;"piano"
173.9300;174.5500;60;0;"piano"
173.9300;174.5500;36;0;"piano"
173.9300;174.5500;48;0;"piano"
173.9300;174.5500;51;3;"piano"
173.9300;174.5500;55;7;"piano"
174.5500;175.1200;63;3;"piano"
174.5500;175.1200;72;0;"piano"
174.5500;175.1200;48;0;"piano"
174.5500;175.1200;55;7;"piano"
175.1200;175.8000;63;3;"piano"
175.1200;175.8000;72;0;"piano"
175.1200;175.8000;48;0;"piano"
175.1200;175.8000;55;7;"piano"
175.8000;176.5100;63;3;"voice"
175.8000;176.4200;63;3;"piano"
175.8000;176.4200;72;0;"piano"
175.8000;176.4200;48;0;"piano"
175.8000;176.4200;55;7;"piano"
176.5100;177.0500;62;2;"voice"
176.5100;177.0500;63;3;"piano"
176.5100;177.0500;72;0;"piano"
176.5100;177.0500;48;0;"piano"
176.5100;177.0500;55;7;"piano"
177.0500;177.6000;60;0;"voice"
177.0500;177.6000;63;3;"piano"
177.0500;177.6000;72;0;"piano"
177.0500;177.6000;48;0;"piano"
177.0500;177.6000;55;7;"piano"
177.6000;178.2300;55;7;"voice"
177.6000;178.2300;63;3;"piano"
177.6000;178.2300;72;0;"piano"
177.6000;178.2300;48;0;"piano"
177.6000;178.2300;55;7;"piano"
178.2300;178.8500;51;3;"voice"
178.2300;178.8500;63;3;"piano"
178.2300;178.8500;72;0;"piano"
178.2300;178.8500;48;0;"piano"
178.2300;178.8500;55;7;"piano"
178.8500;179.8000;50;2;"voice"
178.8500;179.4200;62;2;"piano"
178.8500;179.4200;65;5;"piano"
178.8500;179.4200;72;0;"piano"
178.8500;179.4200;48;0;"piano"
178.8500;179.4200;56;8;"piano"
179.4200;180.0600;62;2;"piano"
179.4200;180.0600;65;5;"piano"
179.4200;180.0600;72;0;"piano"
179.4200;180.0600;48;0;"piano"
179.4200;180.0600;56;8;"piano"
179.7900;180.0400;53;5;"voice"
180.0600;180.6100;56;8;"voice"
180.0600;180.6100;62;2;"piano"
180.0600;180.6100;65;5;"piano"
180.0600;180.6100;72;0;"piano"
180.0600;180.6100;48;0;"piano"
180.0600;180.6100;56;8;"piano"
180.6100;181.3700;60;0;"voice"
180.6100;181.3700;62;2;"piano"
180.6100;181.3700;65;5;"piano"
180.6100;181.3700;72;0;"piano"
180.6100;181.3700;48;0;"piano"
180.6100;181.3700;56;8;"piano"
181.3700;181.9200;55;7;"voice"
181.3700;181.9200;63;3;"piano"
181.3700;181.9200;67;7;"piano"
181.3700;181.9200;72;0;"piano"
181.3700;181.9200;48;0;"piano"
181.3700;181.9200;55;7;"piano"
181.9200;182.2400;51;3;"voice"
181.9200;182.5000;67;7;"piano"
181.9200;182.5000;75;3;"piano"
181.9200;182.5000;43;7;"piano"
181.9200;182.5000;55;7;"piano"
182.2300;182.4900;53;5;"voice"
182.5000;183.0900;55;7;"voice"
182.5000;183.0900;63;3;"piano"
182.5000;183.0900;67;7;"piano"
182.5000;183.0900;72;0;"piano"
182.5000;183.0900;43;7;"piano"
182.5000;183.0900;55;7;"piano"
183.0900;183.4500;57;9;"voice"
183.0900;183.7200;65;5;"piano"
183.0900;183.7200;67;7;"piano"
183.0900;183.7200;50;2;"piano"
183.0900;183.7200;55;7;"piano"
183.4400;183.7000;59;11;"voice"
183.7200;184.8900;60;0;"voice"
183.7200;184.3000;63;3;"piano"
183.7200;184.3000;67;7;"piano"
183.7200;184.3000;72;0;"piano"
183.7200;184.3000;48;0;"piano"
183.7200;184.3000;55;7;"piano"
184.3000;184.8900;63;3;"piano"
184.3000;184.8900;72;0;"piano"
184.3000;184.8900;48;0;"piano"
184.3000;184.8900;55;7;"piano"
184.8900;185.4300;63;3;"piano"
184.8900;185.4300;72;0;"piano"
184.8900;185.4300;48;0;"piano"
184.8900;185.4300;55;7;"piano"
185.4300;186.1600;63;3;"voice"
185.4300;186.1600;63;3;"piano"
185.4300;186.1600;72;0;"piano"
185.4300;186.1600;48;0;"piano"
185.4300;186.1600;55;7;"piano"
186.1600;186.7000;62;2;"voice"
186.1600;186.7000;63;3;"piano"
186.1600;186.7000;72;0;"piano"
186.1600;186.7000;48;0;"piano"
186.1600;186.7000;55;7;"piano"
186.7000;187.2500;60;0;"voice"
186.7000;187.2500;63;3;"piano"
186.7000;187.2500;72;0;"piano"
186.7000;187.2500;48;0;"piano"
186.7000;187.2500;55;7;"piano"
187.2500;187.7900;55;7;"voice"
187.2500;187.7900;63;3;"piano"
187.2500;187.7900;72;0;"piano"
187.2500;187.7900;48;0;"piano"
187.2500;187.7900;55;7;"piano"
187.7900;188.4600;51;3;"voice"
187.7900;188.4600;63;3;"piano"
187.7900;188.4600;72;0;"piano"
187.7900;188.4600;48;0;"piano"
187.7900;188.4600;55;7;"piano"
188.4600;189.3700;50;2;"voice"
188.4600;189.0200;62;2;"piano"
188.4600;189.0200;65;5;"piano"
188.4600;189.0200;72;0;"piano"
188.4600;189.0200;48;0;"piano"
188.4600;189.0200;56;8;"piano"
189.0200;189.6300;62;2;"piano"
189.0200;189.6300;65;5;"piano"
189.0200;189.6300;72;0;"piano"
189.0200;189.6300;48;0;"piano"
189.0200;189.6300;56;8;"piano"
189.3600;189.6100;53;5;"voice"
189.6300;190.2300;56;8;"voice"
189.6300;190.2300;62;2;"piano"
189.6300;190.2300;65;5;"piano"
189.6300;190.2300;72;0;"piano"
189.6300;190.2300;48;0;"piano"
189.6300;190.2300;56;8;"piano"
190.2300;190.9800;60;0;"voice"
190.2300;190.9800;62;2;"piano"
190.2300;190.9800;65;5;"piano"
190.2300;190.9800;72;0;"piano"
190.2300;190.9800;48;0;"piano"
190.2300;190.9800;56;8;"piano"
190.9800;191.5300;55;7;"voice"
190.9800;191.5300;63;3;"piano"
190.9800;191.5300;67;7;"piano"
190.9800;191.5300;72;0;"piano"
190.9800;191.5300;48;0;"piano"
190.9800;191.5300;55;7;"piano"
191.5300;191.8400;51;3;"voice"
191.5300;192.1100;67;7;"piano"
191.5300;192.1100;75;3;"piano"
191.5300;192.1100;43;7;"piano"
191.5300;192.1100;55;7;"piano"
191.8400;192.0900;53;5;"voice"
192.1100;192.6800;55;7;"voice"
192.1100;192.6800;63;3;"piano"
192.1100;192.6800;67;7;"piano"
192.1100;192.6800;72;0;"piano"
192.1100;192.6800;43;7;"piano"
192.1100;192.6800;55;7;"piano"
192.6800;193.0300;57;9;"voice"
192.6800;193.3600;65;5;"piano"
192.6800;193.3600;67;7;"piano"
192.6800;193.3600;50;2;"piano"
192.6800;193.3600;55;7;"piano"
193.0300;193.3300;59;11;"voice"
193.3600;194.6300;60;0;"voice"
193.3600;194.0100;63;3;"piano"
193.3600;194.0100;67;7;"piano"
193.3600;194.0100;72;0;"piano"
193.3600;194.0100;48;0;"piano"
193.3600;194.0100;55;7;"piano"
194.0100;194.6300;63;3;"piano"
194.0100;194.6300;72;0;"piano"
194.0100;194.6300;48;0;"piano"
194.0100;194.6300;55;7;"piano"
194.6300;195.3900;65;5;"piano"
194.6300;195.3900;70;10;"piano"
194.6300;195.3900;50;2;"piano"
194.6300;195.3900;53;5;"piano"
195.3900;196.1600;50;2;"voice"
195.3900;196.1600;62;2;"piano"
195.3900;196.1600;68;8;"piano"
195.3900;196.1600;46;10;"piano"
195.3900;196.1600;58;10;"piano"
196.1600;196.8300;51;3;"voice"
196.1600;196.8300;63;3;"piano"
196.1600;196.8300;67;7;"piano"
196.1600;196.8300;51;3;"piano"
196.1600;196.8300;58;10;"piano"
196.8300;197.3900;51;3;"voice"
196.8300;197.1000;63;3;"piano"
196.8300;197.3900;51;3;"piano"
196.8300;197.3900;55;7;"piano"
197.1000;197.3900;65;5;"piano"
197.3900;198.0800;51;3;"voice"
197.3900;198.0800;63;3;"piano"
197.3900;198.0800;67;7;"piano"
197.3900;198.0800;48;0;"piano"
197.3900;198.0800;55;7;"piano"
198.0800;198.7700;51;3;"voice"
198.0800;198.7700;63;3;"piano"
198.0800;198.7700;69;9;"piano"
198.0800;198.7700;48;0;"piano"
198.0800;198.7700;53;5;"piano"
198.7700;199.6400;53;5;"voice"
198.7700;199.3500;63;3;"piano"
198.7700;199.3500;70;10;"piano"
198.7700;199.3500;46;10;"piano"
198.7700;199.3500;53;5;"piano"
199.3500;200.0200;63;3;"piano"
199.3500;200.0200;70;10;"piano"
199.3500;200.0200;46;10;"piano"
199.3500;200.0200;53;5;"piano"
199.6200;199.9400;55;7;"voice"
200.0200;200.6200;53;5;"voice"
200.0200;200.6200;62;2;"piano"
200.0200;200.6200;70;10;"piano"
200.0200;200.6200;46;10;"piano"
200.0200;200.6200;53;5;"piano"
200.6200;201.3700;55;7;"voice"
200.6200;201.3700;63;3;"piano"
200.6200;201.3700;70;10;"piano"
200.6200;201.3700;43;7;"piano"
201.3700;201.6400;58;10;"voice"
201.3700;201.9100;62;2;"piano"
201.3700;201.9100;70;10;"piano"
201.3700;201.9100;41;5;"piano"
201.6400;201.9000;56;8;"voice"
201.9100;202.6200;55;7;"voice"
201.9100;202.6200;63;3;"piano"
201.9100;202.6200;70;10;"piano"
201.9100;202.3100;43;7;"piano"
202.3100;202.6200;44;8;"piano"
202.6200;203.2000;53;5;"voice"
202.6200;203.2000;63;3;"piano"
202.6200;203.2000;65;5;"piano"
202.6200;203.2000;70;10;"piano"
202.6200;203.2000;46;10;"piano"
203.2000;203.5000;55;7;"voice"
203.2000;203.9500;62;2;"piano"
203.2000;203.9500;65;5;"piano"
203.2000;203.9500;70;10;"piano"
203.2000;203.9500;46;10;"piano"
203.5000;203.9300;56;8;"voice"
203.9500;205.0400;55;7;"voice"
203.9500;204.4900;63;3;"piano"
203.9500;204.4900;67;7;"piano"
203.9500;204.4900;70;10;"piano"
203.9500;204.4900;39;3;"piano"
204.4900;205.0500;63;3;"piano"
204.4900;205.0500;67;7;"piano"
204.4900;205.0400;51;3;"piano"
205.0400;205.7100;62;2;"piano"
205.0400;205.7100;68;8;"piano"
205.0400;205.7100;51;3;"piano"
205.0400;205.7100;53;5;"piano"
205.7100;206.4700;51;3;"voice"
205.7100;206.3300;61;1;"piano"
205.7100;206.3300;63;3;"piano"
205.7100;206.3300;70;10;"piano"
205.7100;206.3300;51;3;"piano"
205.7100;206.3300;55;7;"piano"
206.4700;207.0200;56;8;"voice"
206.4700;207.0200;60;0;"piano"
206.4700;207.0200;63;3;"piano"
206.4700;207.0200;72;0;"piano"
206.4700;207.0200;44;8;"piano"
206.4700;207.0200;51;3;"piano"
206.4700;207.0200;56;8;"piano"
207.0200;207.6200;56;8;"voice"
207.0200;207.2900;68;8;"piano"
207.0200;207.6200;56;8;"piano"
207.0200;207.6200;60;0;"piano"
207.2900;207.6200;70;10;"piano"
207.6200;208.2100;56;8;"voice"
207.6200;208.2100;68;8;"piano"
207.6200;208.2100;72;0;"piano"
207.6200;208.2100;53;5;"piano"
207.6200;208.2100;60;0;"piano"
208.2100;208.9500;56;8;"voice"
208.2100;208.9500;68;8;"piano"
208.2100;208.9500;74;2;"piano"
208.2100;208.9500;53;5;"piano"
208.2100;208.9500;58;10;"piano"
208.9500;209.7800;58;10;"voice"
208.9500;209.5000;68;8;"piano"
208.9500;209.5000;75;3;"piano"
208.9500;209.5000;51;3;"piano"
208.9500;209.5000;58;10;"piano"
209.5000;210.0800;68;8;"piano"
209.5000;210.0800;75;3;"piano"
209.5000;210.0800;51;3;"piano"
209.5000;210.0800;58;10;"piano"
209.7700;210.0700;60;0;"voice"
210.0800;210.6900;58;10;"voice"
210.0800;210.6900;67;7;"piano"
210.0800;210.6900;75;3;"piano"
210.0800;210.6900;51;3;"piano"
210.0800;210.6900;58;10;"piano"
210.6900;211.3900;60;0;"voice"
210.6900;211.3900;68;8;"piano"
210.6900;211.3900;75;3;"piano"
210.6900;211.3900;48;0;"piano"
211.3900;211.6700;63;3;"voice"
211.3900;211.9400;67;7;"piano"
211.3900;211.9400;75;3;"piano"
211.3900;211.9400;46;10;"piano"
211.6700;211.9200;61;1;"voice"
211.9400;212.6100;60;0;"voice"
211.9400;212.6100;68;8;"piano"
211.9400;212.6100;75;3;"piano"
211.9400;212.2100;48;0;"piano"
212.2100;212.6100;49;1;"piano"
212.6100;213.5700;58;10;"voice"
212.6100;213.1500;68;8;"piano"
212.6100;213.1500;70;10;"piano"
212.6100;213.1500;75;3;"piano"
212.6100;213.1500;51;3;"piano"
213.1500;214.0200;67;7;"piano"
213.1500;214.0200;70;10;"piano"
213.1500;214.0200;75;3;"piano"
213.1500;214.0200;39;3;"piano"
213.1500;214.0200;51;3;"piano"
213.5700;214.0200;60;0;"voice"
214.0200;215.1100;56;8;"voice"
214.0200;214.5600;68;8;"piano"
214.0200;214.5600;72;0;"piano"
214.0200;214.5600;75;3;"piano"
214.0200;214.5600;44;8;"piano"
214.0200;214.5600;51;3;"piano"
214.5600;215.1100;68;8;"piano"
214.5600;215.1100;72;0;"piano"
214.5600;215.1100;48;0;"piano"
214.5600;215.1100;56;8;"piano"
214.5600;215.1100;60;0;"piano"
215.1100;215.6700;68;8;"piano"
215.1100;215.6700;72;0;"piano"
215.1100;215.6700;51;3;"piano"
215.1100;215.6700;56;8;"piano"
215.1100;215.6700;60;0;"piano"
215.6700;216.4200;68;8;"piano"
215.6700;216.4200;72;0;"piano"
215.6700;216.4200;56;8;"piano"
215.6700;216.4200;60;0;"piano"
216.4200;217.3400;62;2;"piano"
216.4200;217.3400;74;2;"piano"
216.4200;217.0600;53;5;"piano"
216.4200;217.0600;56;8;"piano"
216.4200;217.0600;60;0;"piano"
217.0600;217.6900;53;5;"piano"
217.0600;217.6900;56;8;"piano"
217.0600;217.6900;60;0;"piano"
217.3400;217.6900;63;3;"piano"
217.3400;217.6900;75;3;"piano"
217.6900;218.2900;62;2;"piano"
217.6900;218.2900;74;2;"piano"
217.6900;218.2900;53;5;"piano"
217.6900;218.2900;56;8;"piano"
217.6900;218.2900;60;0;"piano"
218.2900;218.9200;53;5;"piano"
218.2900;218.9200;56;8;"piano"
218.2900;218.9200;60;0;"piano"
218.9200;219.8100;67;7;"piano"
218.9200;219.8100;79;7;"piano"
218.9200;219.5300;51;3;"piano"
218.9200;219.5300;55;7;"piano"
218.9200;219.5300;60;0;"piano"
219.5300;220.1300;51;3;"piano"
219.5300;220.1300;55;7;"piano"
219.5300;220.1300;60;0;"piano"
219.8100;220.1300;68;8;"piano"
219.8100;220.1300;80;8;"piano"
220.1300;220.8800;67;7;"piano"
220.1300;220.8800;79;7;"piano"
220.1300;220.8800;51;3;"piano"
220.1300;220.8800;55;7;"piano"
220.1300;220.8800;60;0;"piano"
220.8800;221.4600;60;0;"voice"
220.8800;221.4600;51;3;"piano"
220.8800;221.4600;55;7;"piano"
220.8800;221.4600;60;0;"piano"
221.4600;222.3200;56;8;"voice"
221.4600;222.3200;62;2;"piano"
221.4600;222.3200;74;2;"piano"
221.4600;222.0100;53;5;"piano"
221.4600;222.0100;56;8;"piano"
221.4600;222.0100;60;0;"piano"
222.0100;222.6900;53;5;"piano"
222.0100;222.6900;56;8;"piano"
222.0100;222.6900;60;0;"piano"
222.3200;222.6900;53;5;"voice"
222.3200;222.6900;63;3;"piano"
222.3200;222.6900;75;3;"piano"
222.6900;223.2800;50;2;"voice"
222.6900;223.2800;62;2;"piano"
222.6900;223.2800;74;2;"piano"
222.6900;223.2800;53;5;"piano"
222.6900;223.2800;56;8;"piano"
222.6900;223.2800;60;0;"piano"
223.2800;223.9400;60;0;"voice"
223.2800;223.9400;53;5;"piano"
223.2800;223.9400;56;8;"piano"
223.2800;223.9400;60;0;"piano"
223.9400;224.8100;55;7;"voice"
223.9400;224.8000;67;7;"piano"
223.9400;224.8000;79;7;"piano"
223.9400;224.5300;51;3;"piano"
223.9400;224.5300;55;7;"piano"
223.9400;224.5300;60;0;"piano"
224.5300;225.1900;51;3;"piano"
224.5300;225.1900;55;7;"piano"
224.5300;225.1900;60;0;"piano"
224.8000;225.1800;51;3;"voice"
224.8000;225.1900;68;8;"piano"
224.8000;225.1900;80;8;"piano"
225.1900;225.7800;48;0;"voice"
225.1900;225.7800;67;7;"piano"
225.1900;225.7800;79;7;"piano"
225.1900;225.7800;51;3;"piano"
225.1900;225.7800;55;7;"piano"
225.1900;225.7800;60;0;"piano"
225.7800;226.4500;55;7;"voice"
225.7800;226.4500;67;7;"piano"
225.7800;226.4500;79;7;"piano"
225.7800;226.4500;43;7;"piano"
225.7800;226.4500;51;3;"piano"
225.7800;226.4500;55;7;"piano"
226.4500;226.9900;55;7;"voice"
226.4500;226.9900;67;7;"piano"
226.4500;226.9900;79;7;"piano"
226.4500;226.9900;43;7;"piano"
226.4500;226.9900;51;3;"piano"
226.4500;226.9900;55;7;"piano"
226.9900;227.6400;60;0;"voice"
226.9900;227.6400;67;7;"piano"
226.9900;227.6400;79;7;"piano"
226.9900;227.6400;43;7;"piano"
226.9900;227.6400;51;3;"piano"
226.9900;227.6400;55;7;"piano"
227.6400;228.2600;62;2;"voice"
227.6400;228.2600;67;7;"piano"
227.6400;228.2600;79;7;"piano"
227.6400;228.2600;43;7;"piano"
227.6400;228.2600;53;5;"piano"
227.6400;228.2600;55;7;"piano"
228.2600;228.9100;59;11;"voice"
228.2600;228.9100;67;7;"piano"
228.2600;228.9100;79;7;"piano"
228.2600;228.9100;43;7;"piano"
228.2600;228.9100;50;2;"piano"
228.2600;228.9100;55;7;"piano"
228.9100;230.1000;60;0;"voice"
228.9100;229.4700;67;7;"piano"
228.9100;229.4700;79;7;"piano"
228.9100;229.4700;48;0;"piano"
228.9100;229.4700;51;3;"piano"
228.9100;229.4700;55;7;"piano"
229.4700;230.1000;63;3;"piano"
229.4700;230.1000;67;7;"piano"
229.4700;230.1000;48;0;"piano"
229.4700;230.1000;55;7;"piano"
229.4700;230.1000;60;0;"piano"
230.1000;230.7000;63;3;"piano"
230.1000;230.7000;67;7;"piano"
230.1000;230.7000;72;0;"piano"
230.1000;230.7000;48;0;"piano"
230.1000;230.7000;55;7;"piano"
230.1000;230.7000;60;0;"piano"
230.7000;231.4700;60;0;"voice"
230.7000;231.4700;63;3;"piano"
230.7000;231.4700;67;7;"piano"
230.7000;231.4700;75;3;"piano"
230.7000;231.4700;48;0;"piano"
230.7000;231.4700;55;7;"piano"
230.7000;231.4700;60;0;"piano"
231.4700;232.3500;56;8;"voice"
231.4700;232.3500;62;2;"piano"
231.4700;232.3500;74;2;"piano"
231.4700;232.0700;53;5;"piano"
231.4700;232.0700;56;8;"piano"
231.4700;232.0700;60;0;"piano"
232.0700;232.6800;53;5;"piano"
232.0700;232.6800;56;8;"piano"
232.0700;232.6800;60;0;"piano"
232.3500;232.6800;53;5;"voice"
232.3500;232.6800;63;3;"piano"
232.3500;232.6800;75;3;"piano"
232.6800;233.3100;50;2;"voice"
232.6800;233.3100;62;2;"piano"
232.6800;233.3100;74;2;"piano"
232.6800;233.3100;53;5;"piano"
232.6800;233.3100;56;8;"piano"
232.6800;233.3100;60;0;"piano"
233.3100;233.8700;60;0;"voice"
233.3100;233.8700;53;5;"piano"
233.3100;233.8700;56;8;"piano"
233.3100;233.8700;60;0;"piano"
233.8700;234.7800;55;7;"voice"
233.8700;234.7700;67;7;"piano"
233.8700;234.7700;79;7;"piano"
233.8700;234.4200;51;3;"piano"
233.8700;234.4200;55;7;"piano"
233.8700;234.4200;60;0;"piano"
234.4200;235.1200;51;3;"piano"
234.4200;235.1200;55;7;"piano"
234.4200;235.1200;60;0;"piano"
234.7700;235.1000;51;3;"voice"
234.7700;235.1200;68;8;"piano"
234.7700;235.1200;80;8;"piano"
235.1200;235.6700;48;0;"voice"
235.1200;235.6700;67;7;"piano"
235.1200;235.6700;79;7;"piano"
235.1200;235.6700;51;3;"piano"
235.1200;235.6700;55;7;"piano"
235.1200;235.6700;60;0;"piano"
235.6700;236.1100;55;7;"voice"
235.6700;236.1100;67;7;"piano"
235.6700;236.1100;79;7;"piano"
235.6700;236.1100;43;7;"piano"
235.6700;236.1100;51;3;"piano"
235.6700;236.1100;55;7;"piano"
236.1100;236.6600;55;7;"voice"
236.1100;236.6600;67;7;"piano"
236.1100;236.6600;79;7;"piano"
236.1100;236.6600;43;7;"piano"
236.1100;236.6600;51;3;"piano"
236.1100;236.6600;55;7;"piano"
236.6600;237.2000;63;3;"voice"
236.6600;237.2000;67;7;"piano"
236.6600;237.2000;79;7;"piano"
236.6600;237.2000;43;7;"piano"
236.6600;237.2000;55;7;"piano"
237.2000;237.6900;62;2;"voice"
237.2000;237.6900;67;7;"piano"
237.2000;237.6900;79;7;"piano"
237.2000;237.6900;43;7;"piano"
237.2000;237.6900;53;5;"piano"
237.2000;237.6900;55;7;"piano"
237.6900;238.8700;59;11;"voice"
237.6900;238.8700;67;7;"piano"
237.6900;238.8700;79;7;"piano"
237.6900;238.8700;43;7;"piano"
237.6900;238.8700;50;2;"piano"
237.6900;238.8700;55;7;"piano"
238.8700;240.1700;60;0;"voice"
238.8700;239.5800;79;7;"piano"
238.8700;239.5800;67;7;"piano"
238.8700;239.5800;48;0;"piano"
238.8700;239.5800;51;3;"piano"
238.8700;239.5800;55;7;"piano"
239.5800;240.1700;63;3;"piano"
239.5800;240.1700;48;0;"piano"
239.5800;240.1700;55;7;"piano"
240.1700;240.7100;63;3;"piano"
240.1700;240.7100;48;0;"piano"
240.1700;240.7100;55;7;"piano"
240.7100;241.3500;75;3;"piano"
240.7100;241.3400;63;3;"piano"
240.7100;241.3400;48;0;"piano"
240.7100;241.3400;55;7;"piano"
241.3400;241.8800;74;2;"piano"
241.3400;241.8700;63;3;"piano"
241.3400;241.9000;48;0;"piano"
241.3400;241.9000;55;7;"piano"
241.9000;242.4600;72;0;"piano"
241.9000;242.4500;63;3;"piano"
241.9000;242.4500;48;0;"piano"
241.9000;242.4500;55;7;"piano"
242.4500;243.0000;67;7;"piano"
242.4500;242.9900;63;3;"piano"
242.4500;242.9900;48;0;"piano"
242.4500;242.9900;55;7;"piano"
242.9900;243.5300;63;3;"piano"
242.9900;243.6900;56;8;"piano"
242.9900;243.6900;59;11;"piano"
242.9900;243.6800;48;0;"piano"
242.9900;243.6800;53;5;"piano"
243.5200;243.6800;62;2;"piano"
243.6800;244.7500;55;7;"piano"
243.6800;244.7700;60;0;"piano"
243.6800;244.2500;48;0;"piano"
243.6800;244.2500;51;3;"piano"
244.2500;244.8700;48;0;"piano"
244.2500;244.8700;51;3;"piano"
244.8700;245.3800;55;7;"piano"
244.8700;245.4100;48;0;"piano"
244.8700;245.4100;51;3;"piano"
245.4100;246.0800;56;8;"piano"
245.4100;246.0800;59;11;"piano"
245.4100;246.0800;62;2;"piano"
245.4100;246.0600;48;0;"piano"
245.4100;246.0600;53;5;"piano"
246.0600;247.0400;55;7;"piano"
246.0600;247.0600;60;0;"piano"
246.0600;246.6100;48;0;"piano"
246.0600;246.6100;51;3;"piano"
246.6100;247.2500;48;0;"piano"
246.6100;247.2500;51;3;"piano"
247.2500;247.8200;55;7;"piano"
247.2500;247.8600;48;0;"piano"
247.2500;247.8600;51;3;"piano"
247.8600;248.6200;60;0;"piano"
247.8600;248.6300;68;8;"piano"
247.8600;248.6300;72;0;"piano"
247.8600;248.6200;41;5;"piano"
247.8600;248.6200;48;0;"piano"
247.8600;248.6200;53;5;"piano"
248.6200;249.6800;55;7;"piano"
248.6200;249.6800;60;0;"piano"
248.6200;249.6800;63;3;"piano"
248.6200;249.6800;67;7;"piano"
248.6200;249.1900;43;7;"piano"
248.6200;249.1900;48;0;"piano"
248.6200;249.1900;51;3;"piano"
249.1900;249.7300;43;7;"piano"
249.1900;249.7300;48;0;"piano"
249.1900;249.7300;51;3;"piano"
249.7300;250.0100;65;5;"piano"
249.7300;250.6100;60;0;"piano"
249.7300;250.2800;44;8;"piano"
249.7300;250.2800;48;0;"piano"
249.7300;250.2800;53;5;"piano"
250.0100;250.2800;63;3;"piano"
250.2800;250.3600;62;2;"piano"
250.2800;250.9200;44;8;"piano"
250.2800;250.9200;48;0;"piano"
250.2800;250.9200;53;5;"piano"
250.3600;250.4300;63;3;"piano"
250.4300;250.6300;62;2;"piano"
250.6100;250.8700;60;0;"piano"
250.9200;251.5300;55;7;"piano"
250.9200;251.5300;60;0;"piano"
250.9200;251.5300;43;7;"piano"
250.9200;251.5300;51;3;"piano"
251.5300;252.1300;55;7;"piano"
251.5300;252.1300;60;0;"piano"
251.5300;252.1300;43;7;"piano"
251.5300;252.1300;51;3;"piano"
252.1300;252.7200;55;7;"piano"
252.1300;252.7200;59;11;"piano"
252.1300;252.7200;43;7;"piano"
252.1300;252.7200;50;2;"piano"
252.7200;253.6300;55;7;"piano"
252.7200;253.6300;59;11;"piano"
252.7200;253.6300;43;7;"piano"
252.7200;253.6300;50;2;"piano"
253.6300;254.4500;60;0;"piano"
253.6300;254.4500;36;0;"piano"
253.6300;254.4500;48;0;"piano"
253.6300;254.4500;52;4;"piano"
253.6300;254.4500;55;7;"piano"
254.4500;255.0600;64;4;"piano"
254.4500;255.0600;72;0;"piano"
254.4500;255.0600;48;0;"piano"
254.4500;255.0600;55;7;"piano"
255.0600;255.8600;64;4;"piano"
255.0600;255.8600;72;0;"piano"
255.0600;255.8600;48;0;"piano"
255.0600;255.8600;55;7;"piano"
255.8600;256.5100;64;4;"voice"
255.8600;256.4200;64;4;"piano"
255.8600;256.4200;72;0;"piano"
255.8600;256.4200;48;0;"piano"
255.8600;256.4200;55;7;"piano"
256.5100;257.1100;62;2;"voice"
256.5100;257.1100;64;4;"piano"
256.5100;257.1100;72;0;"piano"
256.5100;257.1100;48;0;"piano"
256.5100;257.1100;55;7;"piano"
257.1100;257.9000;60;0;"voice"
257.1100;257.9000;64;4;"piano"
257.1100;257.9000;72;0;"piano"
257.1100;257.9000;48;0;"piano"
257.1100;257.9000;55;7;"piano"
257.9000;258.5000;55;7;"voice"
257.9000;258.5000;64;4;"piano"
257.9000;258.5000;72;0;"piano"
257.9000;258.5000;48;0;"piano"
257.9000;258.5000;55;7;"piano"
258.5000;259.1300;52;4;"voice"
258.5000;259.1300;64;4;"piano"
258.5000;259.1300;72;0;"piano"
258.5000;259.1300;48;0;"piano"
258.5000;259.1300;55;7;"piano"
259.1300;260.0000;50;2;"voice"
259.1300;259.7100;62;2;"piano"
259.1300;259.7100;72;0;"piano"
259.1300;259.7100;48;0;"piano"
259.1300;259.7100;54;6;"piano"
259.1300;259.7100;57;9;"piano"
259.7100;260.2600;62;2;"piano"
259.7100;260.2600;72;0;"piano"
259.7100;260.2600;48;0;"piano"
259.7100;260.2600;54;6;"piano"
259.7100;260.2600;57;9;"piano"
259.9900;260.2400;52;4;"voice"
260.2600;260.9500;50;2;"voice"
260.2600;260.9500;62;2;"piano"
260.2600;260.9500;72;0;"piano"
260.2600;260.9500;48;0;"piano"
260.2600;260.9500;54;6;"piano"
260.2600;260.9500;57;9;"piano"
260.9500;261.6700;57;9;"voice"
260.9500;261.6700;63;3;"piano"
260.9500;261.6700;72;0;"piano"
260.9500;261.6700;48;0;"piano"
260.9500;261.6700;54;6;"piano"
260.9500;261.6700;57;9;"piano"
261.6700;262.6500;60;0;"voice"
261.6700;262.2200;64;4;"piano"
261.6700;262.2200;72;0;"piano"
261.6700;262.2200;48;0;"piano"
261.6700;262.2200;55;7;"piano"
262.2200;262.9200;67;7;"piano"
262.2200;262.9200;76;4;"piano"
262.2200;262.9200;48;0;"piano"
262.2200;262.9200;55;7;"piano"
262.6500;262.9200;52;4;"voice"
262.9200;263.2000;55;7;"voice"
262.9200;263.5100;64;4;"piano"
262.9200;263.5100;67;7;"piano"
262.9200;263.5100;72;0;"piano"
262.9200;263.5100;43;7;"piano"
262.9200;263.5100;55;7;"piano"
263.1900;263.4900;52;4;"voice"
263.5100;263.8400;50;2;"voice"
263.5100;264.1500;65;5;"piano"
263.5100;264.1500;67;7;"piano"
263.5100;264.1500;71;11;"piano"
263.5100;264.1500;43;7;"piano"
263.5100;264.1500;55;7;"piano"
263.8400;264.1100;52;4;"voice"
264.1500;265.2400;48;0;"voice"
264.1500;264.7000;64;4;"piano"
264.1500;264.7000;67;7;"piano"
264.1500;264.7000;72;0;"piano"
264.1500;264.7000;48;0;"piano"
264.1500;264.7000;55;7;"piano"
264.7000;265.2400;64;4;"piano"
264.7000;265.2400;72;0;"piano"
264.7000;265.2400;48;0;"piano"
264.7000;265.2400;55;7;"piano"
265.2400;266.0700;64;4;"piano"
265.2400;266.0700;72;0;"piano"
265.2400;266.0700;48;0;"piano"
265.2400;266.0700;55;7;"piano"
266.0700;266.8900;64;4;"voice"
266.0700;266.8900;64;4;"piano"
266.0700;266.8900;72;0;"piano"
266.0700;266.8900;48;0;"piano"
266.0700;266.8900;55;7;"piano"
266.8900;267.4800;62;2;"voice"
266.8900;267.4800;64;4;"piano"
266.8900;267.4800;72;0;"piano"
266.8900;267.4800;48;0;"piano"
266.8900;267.4800;55;7;"piano"
267.4800;268.0900;60;0;"voice"
267.4800;268.0900;64;4;"piano"
267.4800;268.0900;72;0;"piano"
267.4800;268.0900;48;0;"piano"
267.4800;268.0900;55;7;"piano"
268.0900;268.6700;55;7;"voice"
268.0900;268.6700;64;4;"piano"
268.0900;268.6700;72;0;"piano"
268.0900;268.6700;48;0;"piano"
268.0900;268.6700;55;7;"piano"
268.6700;269.3600;52;4;"voice"
268.6700;269.3600;64;4;"piano"
268.6700;269.3600;72;0;"piano"
268.6700;269.3600;48;0;"piano"
268.6700;269.3600;55;7;"piano"
269.3600;270.3300;50;2;"voice"
269.3600;269.9400;62;2;"piano"
269.3600;269.9400;72;0;"piano"
269.3600;269.9400;48;0;"piano"
269.3600;269.9400;54;6;"piano"
269.3600;269.9400;57;9;"piano"
269.9400;270.5900;62;2;"piano"
269.9400;270.5900;72;0;"piano"
269.9400;270.5900;48;0;"piano"
269.9400;270.5900;54;6;"piano"
269.9400;270.5900;57;9;"piano"
270.3100;270.5700;52;4;"voice"
270.5900;271.2500;50;2;"voice"
270.5900;271.2500;62;2;"piano"
270.5900;271.2500;72;0;"piano"
270.5900;271.2500;48;0;"piano"
270.5900;271.2500;54;6;"piano"
270.5900;271.2500;57;9;"piano"
271.2500;272.0200;57;9;"voice"
271.2500;272.0200;63;3;"piano"
271.2500;272.0200;72;0;"piano"
271.2500;272.0200;48;0;"piano"
271.2500;272.0200;54;6;"piano"
271.2500;272.0200;57;9;"piano"
272.0200;272.9800;60;0;"voice"
272.0200;272.7000;64;4;"piano"
272.0200;272.7000;72;0;"piano"
272.0200;272.7000;48;0;"piano"
272.0200;272.7000;55;7;"piano"
272.7000;273.2900;67;7;"piano"
272.7000;273.2900;76;4;"piano"
272.7000;273.2900;48;0;"piano"
272.7000;273.2900;55;7;"piano"
272.9800;273.2900;52;4;"voice"
273.2900;273.5700;55;7;"voice"
273.2900;273.8900;64;4;"piano"
273.2900;273.8900;67;7;"piano"
273.2900;273.8900;72;0;"piano"
273.2900;273.8900;43;7;"piano"
273.2900;273.8900;55;7;"piano"
273.5600;273.8800;52;4;"voice"
273.8900;274.1700;50;2;"voice"
273.8900;274.5200;65;5;"piano"
273.8900;274.5200;67;7;"piano"
273.8900;274.5200;71;11;"piano"
273.8900;274.5200;43;7;"piano"
273.8900;274.5200;55;7;"piano"
274.1700;274.4700;52;4;"voice"
274.5200;275.8300;48;0;"voice"
274.5200;275.1700;64;4;"piano"
274.5200;275.1700;67;7;"piano"
274.5200;275.1700;72;0;"piano"
274.5200;275.1700;48;0;"piano"
274.5200;275.1700;55;7;"piano"
275.1700;275.8300;64;4;"piano"
275.1700;275.8300;72;0;"piano"
275.1700;275.8300;48;0;"piano"
275.1700;275.8300;55;7;"piano"
275.8300;276.5600;65;5;"piano"
275.8300;276.5600;72;0;"piano"
275.8300;276.5600;50;2;"piano"
275.8300;276.5600;53;5;"piano"
276.5600;277.2800;48;0;"voice"
276.5600;277.2800;67;7;"piano"
276.5600;277.2800;70;10;"piano"
276.5600;277.2800;52;4;"piano"
276.5600;277.2800;60;0;"piano"
277.2800;277.9100;53;5;"voice"
277.2800;277.9100;65;5;"piano"
277.2800;277.9100;69;9;"piano"
277.2800;277.9100;53;5;"piano"
277.2800;277.9100;60;0;"piano"
277.9100;278.5500;53;5;"voice"
277.9100;278.2500;65;5;"piano"
277.9100;278.5500;53;5;"piano"
277.9100;278.5500;57;9;"piano"
278.2500;278.5500;67;7;"piano"
278.5500;279.1200;53;5;"voice"
278.5500;279.1200;65;5;"piano"
278.5500;279.1200;69;9;"piano"
278.5500;279.1200;50;2;"piano"
278.5500;279.1200;57;9;"piano"
279.1200;279.5000;52;4;"voice"
279.1200;279.7600;65;5;"piano"
279.1200;279.7600;71;11;"piano"
279.1200;279.7600;50;2;"piano"
279.1200;279.7600;55;7;"piano"
279.4900;279.7500;53;5;"voice"
279.7600;280.6900;55;7;"voice"
279.7600;280.3500;65;5;"piano"
279.7600;280.3500;72;0;"piano"
279.7600;280.3500;48;0;"piano"
279.7600;280.3500;55;7;"piano"
280.3500;280.9500;65;5;"piano"
280.3500;280.9500;72;0;"piano"
280.3500;280.9500;48;0;"piano"
280.3500;280.9500;55;7;"piano"
280.6800;280.9400;57;9;"voice"
280.9500;281.6200;55;7;"voice"
280.9500;281.6200;64;4;"piano"
280.9500;281.6200;72;0;"piano"
280.9500;281.6200;48;0;"piano"
280.9500;281.6200;55;7;"piano"
281.6200;282.3100;57;9;"voice"
281.6200;282.3100;65;5;"piano"
281.6200;282.3100;72;0;"piano"
281.6200;282.3100;45;9;"piano"
282.3100;282.5800;60;0;"voice"
282.3100;282.8900;64;4;"piano"
282.3100;282.8900;72;0;"piano"
282.3100;282.8900;43;7;"piano"
282.5800;282.8700;58;10;"voice"
282.8900;283.6000;57;9;"voice"
282.8900;283.6000;65;5;"piano"
282.8900;283.6000;72;0;"piano"
282.8900;283.1800;45;9;"piano"
283.1800;283.6000;46;10;"piano"
283.6000;284.2400;55;7;"voice"
283.6000;284.2400;65;5;"piano"
283.6000;284.2400;67;7;"piano"
283.6000;284.2400;72;0;"piano"
283.6000;284.2400;48;0;"piano"
284.2400;284.5400;57;9;"voice"
284.2400;285.0300;64;4;"piano"
284.2400;285.0300;67;7;"piano"
284.2400;285.0300;72;0;"piano"
284.2400;285.0300;48;0;"piano"
284.5300;285.0100;58;10;"voice"
285.0300;286.4200;57;9;"voice"
285.0300;285.5700;65;5;"piano"
285.0300;285.5700;69;9;"piano"
285.0300;285.5700;72;0;"piano"
285.0300;285.5700;41;5;"piano"
285.5700;285.8700;65;5;"piano"
285.5700;286.4200;53;5;"piano"
285.5700;286.4200;57;9;"piano"
285.8700;286.4200;67;7;"piano"
286.4200;286.9800;65;5;"piano"
286.4200;286.9800;69;9;"piano"
286.4200;286.9800;50;2;"piano"
286.4200;286.9800;57;9;"piano"
286.9800;287.5300;55;7;"voice"
286.9800;287.5300;65;5;"piano"
286.9800;287.5300;71;11;"piano"
286.9800;287.5300;50;2;"piano"
286.9800;287.5300;55;7;"piano"
287.5300;288.0900;60;0;"voice"
287.5300;288.0900;64;4;"piano"
287.5300;288.0900;72;0;"piano"
287.5300;288.0900;48;0;"piano"
287.5300;288.0900;55;7;"piano"
288.0900;288.6800;60;0;"voice"
288.0900;288.3700;72;0;"piano"
288.0900;288.6800;60;0;"piano"
288.0900;288.6800;64;4;"piano"
288.3700;288.6800;74;2;"piano"
288.6800;289.2700;60;0;"voice"
288.6800;289.2700;72;0;"piano"
288.6800;289.2700;76;4;"piano"
288.6800;289.2700;57;9;"piano"
288.6800;289.2700;64;4;"piano"
289.2700;289.5600;59;11;"voice"
289.2700;289.9300;72;0;"piano"
289.2700;289.9300;78;6;"piano"
289.2700;289.9300;57;9;"piano"
289.2700;289.9300;62;2;"piano"
289.5600;289.8300;60;0;"voice"
289.9300;290.9200;62;2;"voice"
289.9300;290.4800;72;0;"piano"
289.9300;290.4800;79;7;"piano"
289.9300;290.4800;55;7;"piano"
289.9300;290.4800;62;2;"piano"
290.4800;291.1800;72;0;"piano"
290.4800;291.1800;79;7;"piano"
290.4800;291.1800;55;7;"piano"
290.4800;291.1800;62;2;"piano"
290.9100;291.1600;64;4;"voice"
291.1800;291.7700;62;2;"voice"
291.1800;291.7700;71;11;"piano"
291.1800;291.7700;79;7;"piano"
291.1800;291.7700;55;7;"piano"
291.1800;291.7700;62;2;"piano"
291.7700;292.5100;64;4;"voice"
291.7700;292.5100;72;0;"piano"
291.7700;292.5100;79;7;"piano"
291.7700;292.5100;52;4;"piano"
292.5100;293.1000;59;11;"voice"
292.5100;293.1000;71;11;"piano"
292.5100;293.1000;79;7;"piano"
292.5100;293.1000;50;2;"piano"
292.8300;293.1000;77;5;"piano"
293.1000;293.7400;60;0;"voice"
293.1000;293.7400;72;0;"piano"
293.1000;293.7400;76;4;"piano"
293.1000;293.7400;79;7;"piano"
293.1000;293.3700;52;4;"piano"
293.3700;293.7400;53;5;"piano"
293.7400;294.9400;55;7;"voice"
293.7400;294.4300;72;0;"piano"
293.7400;294.4300;74;2;"piano"
293.7400;294.4300;79;7;"piano"
293.7400;294.4300;55;7;"piano"
294.4300;295.2500;71;11;"piano"
294.4300;295.2500;74;2;"piano"
294.4300;295.2500;79;7;"piano"
294.4300;295.2500;43;7;"piano"
294.4300;295.2500;55;7;"piano"
294.9400;295.2500;53;5;"voice"
295.2500;296.6300;52;4;"voice"
295.2500;296.0200;72;0;"piano"
295.2500;296.0200;76;4;"piano"
295.2500;296.0200;79;7;"piano"
295.2500;296.0200;48;0;"piano"
295.2500;296.0200;55;7;"piano"
296.0200;296.6300;64;4;"piano"
296.0200;296.6300;67;7;"piano"
296.0200;296.6300;48;0;"piano"
296.0200;296.6300;55;7;"piano"
296.0200;296.6300;60;0;"piano"
296.6300;297.2300;64;4;"piano"
296.6300;297.2300;67;7;"piano"
296.6300;297.2300;72;0;"piano"
296.6300;297.2300;48;0;"piano"
296.6300;297.2300;55;7;"piano"
296.6300;297.2300;60;0;"piano"
297.2300;297.9200;64;4;"piano"
297.2300;297.9200;67;7;"piano"
297.2300;297.9200;76;4;"piano"
297.2300;297.9200;48;0;"piano"
297.2300;297.9200;55;7;"piano"
297.2300;297.9200;60;0;"piano"
297.9200;298.8900;62;2;"piano"
297.9200;298.8900;74;2;"piano"
297.9200;298.6200;48;0;"piano"
297.9200;298.6200;54;6;"piano"
297.9200;298.6200;57;9;"piano"
297.9200;298.6200;60;0;"piano"
298.6200;299.2100;48;0;"piano"
298.6200;299.2100;54;6;"piano"
298.6200;299.2100;57;9;"piano"
298.6200;299.2100;60;0;"piano"
298.8900;299.2100;64;4;"piano"
298.8900;299.2100;76;4;"piano"
299.2100;299.8100;62;2;"piano"
299.2100;299.8100;74;2;"piano"
299.2100;299.8100;48;0;"piano"
299.2100;299.8100;54;6;"piano"
299.2100;299.8100;57;9;"piano"
299.2100;299.8100;60;0;"piano"
299.8100;300.4800;48;0;"piano"
299.8100;300.4800;50;2;"piano"
299.8100;300.4800;54;6;"piano"
299.8100;300.4800;60;0;"piano"
300.4800;301.4100;67;7;"piano"
300.4800;301.4100;79;7;"piano"
300.4800;301.1200;48;0;"piano"
300.4800;301.1200;52;4;"piano"
300.4800;301.1200;55;7;"piano"
300.4800;301.1200;60;0;"piano"
301.1200;301.7700;48;0;"piano"
301.1200;301.7700;52;4;"piano"
301.1200;301.7700;55;7;"piano"
301.1200;301.7700;60;0;"piano"
301.4100;301.7700;69;9;"piano"
301.4100;301.7700;81;9;"piano"
301.7700;302.3300;67;7;"piano"
301.7700;302.3300;79;7;"piano"
301.7700;302.3300;48;0;"piano"
301.7700;302.3300;52;4;"piano"
301.7700;302.3300;55;7;"piano"
301.7700;302.3300;60;0;"piano"
302.3300;303.0600;60;0;"voice"
302.3300;303.0600;48;0;"piano"
302.3300;303.0600;52;4;"piano"
302.3300;303.0600;55;7;"piano"
302.3300;303.0600;60;0;"piano"
303.0600;304.0000;57;9;"voice"
303.0600;304.0000;62;2;"piano"
303.0600;304.0000;74;2;"piano"
303.0600;303.6500;48;0;"piano"
303.0600;303.6500;54;6;"piano"
303.0600;303.6500;57;9;"piano"
303.0600;303.6500;60;0;"piano"
303.6500;304.3100;48;0;"piano"
303.6500;304.3100;54;6;"piano"
303.6500;304.3100;57;9;"piano"
303.6500;304.3100;60;0;"piano"
304.0000;304.3100;54;6;"voice"
304.0000;304.3100;64;4;"piano"
304.0000;304.3100;76;4;"piano"
304.3100;304.9600;50;2;"voice"
304.3100;304.9600;62;2;"piano"
304.3100;304.9600;74;2;"piano"
304.3100;304.9600;48;0;"piano"
304.3100;304.9600;54;6;"piano"
304.3100;304.9600;57;9;"piano"
304.3100;304.9600;60;0;"piano"
304.9600;305.6000;60;0;"voice"
304.9600;305.6000;48;0;"piano"
304.9600;305.6000;50;2;"piano"
304.9600;305.6000;54;6;"piano"
304.9600;305.6000;60;0;"piano"
305.6000;306.5400;55;7;"voice"
305.6000;306.5200;67;7;"piano"
305.6000;306.5200;79;7;"piano"
305.6000;306.2500;48;0;"piano"
305.6000;306.2500;52;4;"piano"
305.6000;306.2500;55;7;"piano"
305.6000;306.2500;60;0;"piano"
306.2500;306.8300;48;0;"piano"
306.2500;306.8300;52;4;"piano"
306.2500;306.8300;55;7;"piano"
306.2500;306.8300;60;0;"piano"
306.5200;306.8200;52;4;"voice"
306.5200;306.8300;69;9;"piano"
306.5200;306.8300;81;9;"piano"
306.8300;307.4200;48;0;"voice"
306.8300;307.4200;67;7;"piano"
306.8300;307.4200;79;7;"piano"
306.8300;307.4200;48;0;"piano"
306.8300;307.4200;52;4;"piano"
306.8300;307.4200;55;7;"piano"
306.8300;307.4200;60;0;"piano"
307.4200;308.0200;55;7;"voice"
307.4200;308.0200;64;4;"piano"
307.4200;308.0200;67;7;"piano"
307.4200;308.0200;76;4;"piano"
307.4200;308.0200;43;7;"piano"
307.4200;308.0200;52;4;"piano"
307.4200;308.0200;55;7;"piano"
308.0200;308.6100;55;7;"voice"
308.0200;308.6100;64;4;"piano"
308.0200;308.6100;67;7;"piano"
308.0200;308.6100;76;4;"piano"
308.0200;308.6100;43;7;"piano"
308.0200;308.6100;52;4;"piano"
308.0200;308.6100;55;7;"piano"
308.6100;309.3000;60;0;"voice"
308.6100;309.3000;60;0;"piano"
308.6100;309.3000;67;7;"piano"
308.6100;309.3000;72;0;"piano"
308.6100;309.3000;43;7;"piano"
308.6100;309.3000;52;4;"piano"
308.6100;309.3000;55;7;"piano"
309.3000;310.2100;62;2;"voice"
309.3000;309.9000;59;11;"piano"
309.3000;309.9000;67;7;"piano"
309.3000;309.9000;71;11;"piano"
309.3000;309.9000;43;7;"piano"
309.3000;309.9000;53;5;"piano"
309.3000;309.9000;55;7;"piano"
309.9000;310.6100;62;2;"piano"
309.9000;310.6100;67;7;"piano"
309.9000;310.6100;74;2;"piano"
309.9000;310.6100;43;7;"piano"
309.9000;310.6100;53;5;"piano"
309.9000;310.6100;55;7;"piano"
310.2100;310.6100;59;11;"voice"
310.6100;311.8000;60;0;"voice"
310.6100;311.2100;60;0;"piano"
310.6100;311.2100;67;7;"piano"
310.6100;311.2100;72;0;"piano"
310.6100;311.2100;48;0;"piano"
310.6100;311.2100;52;4;"piano"
310.6100;311.2100;55;7;"piano"
311.2100;311.8000;64;4;"piano"
311.2100;311.8000;67;7;"piano"
311.2100;311.8000;48;0;"piano"
311.2100;311.8000;55;7;"piano"
311.2100;311.8000;60;0;"piano"
311.8000;312.4400;64;4;"piano"
311.8000;312.4400;67;7;"piano"
311.8000;312.4400;72;0;"piano"
311.8000;312.4400;48;0;"piano"
311.8000;312.4400;55;7;"piano"
311.8000;312.4400;60;0;"piano"
312.4400;313.2100;60;0;"voice"
312.4400;313.2100;64;4;"piano"
312.4400;313.2100;67;7;"piano"
312.4400;313.2100;76;4;"piano"
312.4400;313.2100;48;0;"piano"
312.4400;313.2100;55;7;"piano"
312.4400;313.2100;60;0;"piano"
313.2100;314.1100;57;9;"voice"
313.2100;314.1100;62;2;"piano"
313.2100;314.1100;74;2;"piano"
313.2100;313.8300;48;0;"piano"
313.2100;313.8300;54;6;"piano"
313.2100;313.8300;57;9;"piano"
313.2100;313.8300;60;0;"piano"
313.8300;314.4400;48;0;"piano"
313.8300;314.4400;54;6;"piano"
313.8300;314.4400;57;9;"piano"
313.8300;314.4400;60;0;"piano"
314.1100;314.4400;54;6;"voice"
314.1100;314.4400;64;4;"piano"
314.1100;314.4400;76;4;"piano"
314.4400;315.0600;50;2;"voice"
314.4400;315.0600;62;2;"piano"
314.4400;315.0600;74;2;"piano"
314.4400;315.0600;48;0;"piano"
314.4400;315.0600;54;6;"piano"
314.4400;315.0600;57;9;"piano"
314.4400;315.0600;60;0;"piano"
315.0600;315.7500;60;0;"voice"
315.0600;315.7500;48;0;"piano"
315.0600;315.7500;50;2;"piano"
315.0600;315.7500;54;6;"piano"
315.0600;315.7500;60;0;"piano"
315.7500;316.6600;55;7;"voice"
315.7500;316.6500;67;7;"piano"
315.7500;316.6500;79;7;"piano"
315.7500;316.3100;48;0;"piano"
315.7500;316.3100;52;4;"piano"
315.7500;316.3100;55;7;"piano"
315.7500;316.3100;60;0;"piano"
316.3100;317.0000;48;0;"piano"
316.3100;317.0000;52;4;"piano"
316.3100;317.0000;55;7;"piano"
316.3100;317.0000;60;0;"piano"
316.6500;316.9800;52;4;"voice"
316.6500;317.0000;69;9;"piano"
316.6500;317.0000;81;9;"piano"
317.0000;317.6100;48;0;"voice"
317.0000;317.6100;67;7;"piano"
317.0000;317.6100;79;7;"piano"
317.0000;317.6100;48;0;"piano"
317.0000;317.6100;52;4;"piano"
317.0000;317.6100;55;7;"piano"
317.0000;317.6100;60;0;"piano"
317.6100;318.2100;55;7;"voice"
317.6100;318.2100;64;4;"piano"
317.6100;318.2100;67;7;"piano"
317.6100;318.2100;76;4;"piano"
317.6100;318.2100;43;7;"piano"
317.6100;318.2100;52;4;"piano"
317.6100;318.2100;55;7;"piano"
318.2100;318.8400;55;7;"voice"
318.2100;318.8400;64;4;"piano"
318.2100;318.8400;67;7;"piano"
318.2100;318.8400;76;4;"piano"
318.2100;318.8400;43;7;"piano"
318.2100;318.8400;52;4;"piano"
318.2100;318.8400;55;7;"piano"
318.8400;319.4800;64;4;"voice"
318.8400;319.4800;60;0;"piano"
318.8400;319.4800;67;7;"piano"
318.8400;319.4800;72;0;"piano"
318.8400;319.4800;43;7;"piano"
318.8400;319.4800;52;4;"piano"
318.8400;319.4800;55;7;"piano"
319.4800;320.1500;62;2;"voice"
319.4800;320.1500;59;11;"piano"
319.4800;320.1500;67;7;"piano"
319.4800;320.1500;71;11;"piano"
319.4800;320.1500;43;7;"piano"
319.4800;320.1500;53;5;"piano"
319.4800;320.1500;55;7;"piano"
320.1500;320.7100;59;11;"voice"
320.1500;320.7100;62;2;"piano"
320.1500;320.7100;67;7;"piano"
320.1500;320.7100;74;2;"piano"
320.1500;320.7100;43;7;"piano"
320.1500;320.7100;53;5;"piano"
320.1500;320.7100;55;7;"piano"
320.7100;322.1400;60;0;"voice"
320.7100;321.4600;60;0;"piano"
320.7100;321.4600;67;7;"piano"
320.7100;321.4600;72;0;"piano"
320.7100;321.4600;43;7;"piano"
320.7100;321.4600;52;4;"piano"
320.7100;321.4600;55;7;"piano"
321.4600;322.1400;60;0;"piano"
321.4600;322.1400;67;7;"piano"
321.4600;322.1400;72;0;"piano"
321.4600;322.1400;48;0;"piano"
321.4600;322.1400;52;4;"piano"
321.4600;322.1400;55;7;"piano"
322.1400;322.9300;64;4;"piano"
322.1400;322.9300;72;0;"piano"
322.1400;322.9300;76;4;"piano"
322.1400;322.9300;48;0;"piano"
322.1400;322.9300;55;7;"piano"
322.1400;322.9300;60;0;"piano"
322.9300;323.6900;55;7;"voice"
322.9300;323.6900;67;7;"piano"
322.9300;323.6900;75;3;"piano"
322.9300;323.6900;79;7;"piano"
322.9300;323.6900;43;7;"piano"
322.9300;323.6900;51;3;"piano"
322.9300;323.6900;55;7;"piano"
323.6900;324.4200;55;7;"voice"
323.6900;324.4200;67;7;"piano"
323.6900;324.4200;75;3;"piano"
323.6900;324.4200;79;7;"piano"
323.6900;324.4200;43;7;"piano"
323.6900;324.4200;51;3;"piano"
323.6900;324.4200;55;7;"piano"
324.4200;325.0700;63;3;"voice"
324.4200;325.0700;67;7;"piano"
324.4200;325.0700;72;0;"piano"
324.4200;325.0700;79;7;"piano"
324.4200;325.0700;43;7;"piano"
324.4200;325.0700;51;3;"piano"
324.4200;325.0700;55;7;"piano"
325.0700;325.8500;62;2;"voice"
325.0700;325.8500;67;7;"piano"
325.0700;325.8500;71;11;"piano"
325.0700;325.8500;79;7;"piano"
325.0700;325.8500;43;7;"piano"
325.0700;325.8500;53;5;"piano"
325.0700;325.8500;55;7;"piano"
325.8500;326.8800;59;11;"voice"
325.8500;326.8800;67;7;"piano"
325.8500;326.8800;74;2;"piano"
325.8500;326.8800;79;7;"piano"
325.8500;326.8800;43;7;"piano"
325.8500;326.8800;53;5;"piano"
325.8500;326.8800;55;7;"piano"
326.8800;328.1900;60;0;"voice"
326.8800;327.5800;67;7;"piano"
326.8800;327.5800;72;0;"piano"
326.8800;327.5800;79;7;"piano"
326.8800;327.5800;43;7;"piano"
326.8800;327.5800;51;3;"piano"
326.8800;327.5800;55;7;"piano"
327.5800;328.1900;67;7;"piano"
327.5800;328.1900;72;0;"piano"
327.5800;328.1900;75;3;"piano"
327.5800;328.1900;48;0;"piano"
327.5800;328.1900;51;3;"piano"
327.5800;328.1900;55;7;"piano"
328.1900;328.7600;67;7;"piano"
328.1900;328.7600;72;0;"piano"
328.1900;328.7600;75;3;"piano"
328.1900;328.7600;48;0;"piano"
328.1900;328.7600;51;3;"piano"
328.1900;328.7600;55;7;"piano"
328.7600;329.4200;65;5;"piano"
328.7600;329.4200;68;8;"piano"
328.7600;329.4200;72;0;"piano"
328.7600;329.4200;48;0;"piano"
328.7600;329.4200;53;5;"piano"
328.7600;329.4200;56;8;"piano"
329.4200;330.0200;65;5;"piano"
329.4200;330.0200;68;8;"piano"
329.4200;330.0200;72;0;"piano"
329.4200;330.0200;48;0;"piano"
329.4200;330.0200;53;5;"piano"
329.4200;330.0200;56;8;"piano"
330.0200;330.6100;60;0;"piano"
330.0200;330.6100;65;5;"piano"
330.0200;330.6100;68;8;"piano"
330.0200;330.6100;53;5;"piano"
330.0200;330.6100;56;8;"piano"
330.6100;331.1900;60;0;"piano"
330.6100;331.1900;65;5;"piano"
330.6100;331.1900;68;8;"piano"
330.6100;331.1900;53;5;"piano"
330.6100;331.1900;56;8;"piano"
331.1900;331.8600;55;7;"piano"
331.1900;331.8600;63;3;"piano"
331.1900;331.8600;67;7;"piano"
331.1900;331.8600;43;7;"piano"
331.1900;331.8600;48;0;"piano"
331.8600;332.4700;55;7;"piano"
331.8600;332.4700;63;3;"piano"
331.8600;332.4700;67;7;"piano"
331.8600;332.4700;43;7;"piano"
332.4700;333.0500;55;7;"piano"
332.4700;333.0500;60;0;"piano"
332.4700;333.0500;67;7;"piano"
332.4700;333.0500;43;7;"piano"
332.4700;333.0500;51;3;"piano"
333.0500;333.7000;55;7;"piano"
333.0500;333.7000;59;11;"piano"
333.0500;333.7000;67;7;"piano"
333.0500;333.7000;43;7;"piano"
333.0500;333.7000;50;2;"piano"
333.7000;334.3000;55;7;"piano"
333.7000;334.3000;62;2;"piano"
333.7000;334.3000;67;7;"piano"
333.7000;334.3000;43;7;"piano"
333.7000;334.3000;47;11;"piano"
333.7000;334.3000;53;5;"piano"
334.3000;335.0500;55;7;"piano"
334.3000;335.0500;60;0;"piano"
334.3000;335.0500;67;7;"piano"
334.3000;335.0500;48;0;"piano"
334.3000;335.0500;51;3;"piano"
335.0500;335.6500;55;7;"piano"
335.0500;335.6500;67;7;"piano"
335.0500;335.6500;43;7;"piano"
335.6500;336.2000;55;7;"piano"
335.6500;336.2000;67;7;"piano"
335.6500;336.2000;43;7;"piano"
336.2000;336.9600;55;7;"piano"
336.2000;336.9600;67;7;"piano"
336.2000;336.9600;43;7;"piano"
336.2000;336.9600;51;3;"piano"
336.9600;337.5100;55;7;"piano"
336.9600;337.5100;67;7;"piano"
336.9600;337.5100;43;7;"piano"
336.9600;337.5100;51;3;"piano"
337.5100;338.0500;55;7;"piano"
337.5100;338.0500;63;3;"piano"
337.5100;338.0500;67;7;"piano"
337.5100;338.0500;43;7;"piano"
337.5100;338.0500;48;0;"piano"
338.0500;338.9000;55;7;"piano"
338.0500;338.9000;62;2;"piano"
338.0500;338.9000;67;7;"piano"
338.0500;338.9000;43;7;"piano"
338.0500;338.9000;47;11;"piano"
338.9000;339.5500;55;7;"piano"
338.9000;339.5500;59;11;"piano"
338.9000;339.5500;67;7;"piano"
338.9000;339.5500;43;7;"piano"
338.9000;339.5500;50;2;"piano"
338.9000;339.5500;53;5;"piano"
339.5500;340.9500;55;7;"piano"
339.5500;340.9500;60;0;"piano"
339.5500;340.9500;67;7;"piano"
339.5500;340.9500;48;0;"piano"
339.5500;340.9500;51;3;"piano"
340.9500;342.5000;55;7;"piano"
340.9500;342.5000;60;0;"piano"
340.9500;342.5000;63;3;"piano"
340.9500;342.5000;43;7;"piano"
342.5000;343.2400;55;7;"piano"
342.5000;343.2400;60;0;"piano"
342.5000;343.2400;63;3;"piano"
342.5000;343.2400;43;7;"piano"
343.2400;346.5100;55;7;"piano"
343.2400;346.5100;60;0;"piano"
343.2400;346.5100;36;0;"piano"
343.2400;346.5100;43;7;"piano"
343.2400;346.5100;48;0;"piano"
343.2400;346.5100;51;3;"piano"
346.5100;348.3200;55;7;"piano"
346.5100;348.3200;60;0;"piano"
346.5100;348.3200;36;0;"piano"
346.5100;348.3200;43;7;"piano"
346.5100;348.3200;48;0;"piano"
346.5100;348.3200;51;3;"piano"
