start;f0;confidence
0.0;138.769041283389;0.0052230358123779
0.01;138.675798365086;0.0112908184528351
0.02;139.104187316912;0.0139047205448151
0.03;138.459714973615;0.0257722139358521
0.04;138.927278272443;0.211527079343796
0.05;140.550381214252;0.320509135723114
0.06;139.189116649843;0.614558935165405
0.07;138.790448571167;0.801828265190125
0.08;138.704545044612;0.897211790084839
0.09;138.309919584862;0.908513367176056
0.1;137.69277981599;0.928754925727844
0.11;137.192810572664;0.926519155502319
0.12;136.667113221744;0.889121830463409
0.13;136.395931741988;0.899154365062714
0.14;136.779036495982;0.900298416614533
0.15;137.459390072636;0.921882033348084
0.16;137.859967929226;0.919481217861176
0.17;138.616585655227;0.928253471851349
0.18;139.249012311982;0.914650917053223
0.19;140.779682667582;0.858537316322327
0.2;143.470839188312;0.862254023551941
0.21;146.005261563286;0.936629116535187
0.22;147.682481506581;0.964775323867798
0.23;148.457867816214;0.934034466743469
0.24;148.268248969944;0.940394997596741
0.25;147.737076040077;0.963330984115601
0.26;147.294926803641;0.971283078193665
0.27;147.048258842717;0.969093680381775
0.28;146.898260686578;0.966826558113098
0.29;147.441605654242;0.970598697662354
0.3;148.136815146956;0.948742747306824
0.31;149.740602803711;0.928525328636169
0.32;150.376808181557;0.928223609924316
0.33;150.55803108162;0.943293452262878
0.34;150.008960714688;0.917075753211975
0.35;149.262616697491;0.952899515628815
0.36;148.715863435825;0.94463300704956
0.37;148.214833867826;0.953921794891357
0.38;147.823527874694;0.967782139778137
0.39;147.492415214202;0.970950901508331
0.4;147.018717714763;0.966580986976624
0.41;146.657742048484;0.958736419677734
0.42;146.605237460179;0.953945994377136
0.43;146.537411597337;0.955653786659241
0.44;146.830486795121;0.965354800224304
0.45;146.985648860578;0.972618341445923
0.46;147.361315435881;0.974243402481079
0.47;147.514293259416;0.974982142448425
0.48;147.759954982613;0.972494959831238
0.49;147.789844540334;0.971202373504639
0.5;147.851449211891;0.971001625061035
0.51;147.822735524892;0.972116708755493
0.52;147.978784944305;0.968721210956574
0.53;148.099280147847;0.962050557136536
0.54;148.335634497862;0.951418697834015
0.55;148.216160260023;0.953677892684936
0.56;147.940741772855;0.965381562709808
0.57;147.492870226224;0.97348141670227
0.58;146.962488749059;0.96898090839386
0.59;146.560684054361;0.952471971511841
0.6;146.136345805548;0.951771020889282
0.61;145.732639602288;0.953859806060791
0.62;145.144589471503;0.9389808177948
0.63;144.353807574236;0.919202446937561
0.64;143.709289564451;0.922591328620911
0.65;143.003419626699;0.897339999675751
0.66;142.742579344041;0.919198036193848
0.67;142.464895930143;0.923474311828613
0.68;142.345790487542;0.930911421775818
0.69;142.31009946183;0.927550673484802
0.7;141.987990093031;0.925431132316589
0.71;142.062718857853;0.929675340652466
0.72;141.787287518602;0.909289717674255
0.73;141.444649878052;0.902988314628601
0.74;140.923887488913;0.921448469161987
0.75;140.157082732915;0.922580659389496
0.76;139.701312539391;0.923077821731567
0.77;139.3063621791;0.947573065757752
0.78;139.198776508476;0.944536805152893
0.79;139.054293199084;0.950613737106323
0.8;138.711214094533;0.955373525619507
0.81;138.631790711227;0.953405916690826
0.82;138.480198646988;0.95295250415802
0.83;138.237987174875;0.937673687934876
0.84;138.127211358934;0.922476828098297
0.85;137.838960237529;0.938493847846985
0.86;137.503216863056;0.935995280742645
0.87;137.141257825243;0.925581455230713
0.88;136.520498992797;0.905920267105102
0.89;135.79599773397;0.922298669815064
0.9;134.960324183062;0.924009799957275
0.91;134.111371477482;0.94025981426239
0.92;132.404188580235;0.90678596496582
0.93;130.808820227105;0.903051972389221
0.94;129.510030466223;0.894322395324707
0.95;128.238087035536;0.8675816655159
0.96;127.592709896634;0.870976448059082
0.97;127.165986246027;0.874411344528198
0.98;127.111441503708;0.874563813209534
0.99;127.265256415388;0.860167384147644
1.0;127.760365879791;0.884160459041596
1.01;128.130464424237;0.890694260597229
1.02;128.652271790535;0.871791124343872
1.03;129.603724179994;0.88917887210846
1.04;130.201505146606;0.899356961250305
1.05;130.789581606863;0.917436838150024
1.06;131.259665602534;0.938645660877228
1.07;131.665364604989;0.94136655330658
1.08;131.884508289706;0.937814295291901
1.09;131.676830064438;0.942384243011475
1.1;131.814132863739;0.933827936649322
1.11;131.992440253727;0.931704640388489
1.12;132.003246581389;0.934578716754913
1.13;132.429665118505;0.933841407299042
1.14;133.109366467231;0.939913153648376
1.15;133.463595770884;0.929402947425842
1.16;134.099394167572;0.948828458786011
1.17;134.420071117401;0.954759001731873
1.18;134.037142055749;0.948067665100098
1.19;133.662772186386;0.931955337524414
1.2;133.191172579272;0.932859659194946
1.21;132.409800297903;0.935184299945831
1.22;132.114379151717;0.926007270812988
1.23;132.154993484526;0.923639297485352
1.24;132.282215398563;0.935906887054443
1.25;132.57195783196;0.942436277866364
1.26;132.875786418409;0.942569732666016
1.27;132.956805192695;0.945493102073669
1.28;133.01572958553;0.945767760276794
1.29;133.065013005554;0.941411375999451
1.3;132.987657739745;0.94407045841217
1.31;132.821729339021;0.945720434188843
1.32;132.683597761056;0.93995189666748
1.33;132.529756136935;0.942199945449829
1.34;132.625635361481;0.944197297096252
1.35;132.82779642164;0.943275213241577
1.36;133.199243854972;0.939724683761597
1.37;133.614917403898;0.938543677330017
1.38;133.929417433115;0.948189616203308
1.39;134.006579438214;0.950634896755218
1.4;133.802800557057;0.944081544876099
1.41;133.579519803624;0.934152662754059
1.42;133.290173319748;0.936193823814392
1.43;133.0252462154;0.943651437759399
1.44;132.794312963092;0.94055587053299
1.45;132.468529645137;0.939579010009766
1.46;132.304260052378;0.93173623085022
1.47;132.130082284236;0.930233240127564
1.48;131.975146229205;0.937425971031189
1.49;132.121700419055;0.930666089057922
1.5;132.052646996328;0.931149542331696
1.51;131.973682388819;0.934523522853851
1.52;132.082807516824;0.932431578636169
1.53;132.013005558917;0.938364923000336
1.54;132.117791708455;0.931391954421997
1.55;132.195952473368;0.923443555831909
1.56;131.973827763161;0.933108329772949
1.57;131.489769178907;0.946634829044342
1.58;130.993334097835;0.936060309410095
1.59;130.698517793502;0.921405792236328
1.6;130.637380976352;0.912382125854492
1.61;130.404686072064;0.906982779502869
1.62;130.487340906839;0.900230348110199
1.63;130.591271454786;0.90565288066864
1.64;130.665639613701;0.924552500247955
1.65;130.950323641856;0.934371590614319
1.66;130.890852946453;0.937041878700256
1.67;130.879662663348;0.937327861785889
1.68;131.039124889601;0.937885046005249
1.69;131.040920375468;0.94250625371933
1.7;131.046224133342;0.942163169384003
1.71;130.960882464179;0.936119675636292
1.72;130.85235608637;0.934245824813843
1.73;130.861596510823;0.931496441364288
1.74;130.656675188331;0.924004912376404
1.75;130.590076482961;0.914054453372955
1.76;130.557401026826;0.903688192367554
1.77;130.41753989081;0.90788334608078
1.78;130.573230656585;0.907367050647736
1.79;130.542863810559;0.910032987594604
1.8;130.559683622316;0.915465116500854
1.81;130.805783752572;0.921194911003113
1.82;130.821807232766;0.929597198963165
1.83;130.910584748705;0.93684309720993
1.84;131.020200939012;0.937521934509277
1.85;131.127405872763;0.943547487258911
1.86;131.330076591494;0.946085810661316
1.87;131.268411683206;0.949305891990662
1.88;131.417003885207;0.947891652584076
1.89;131.620543086774;0.944669246673584
1.9;131.437422623698;0.952953219413757
1.91;131.527934698973;0.954462647438049
1.92;131.663267416714;0.948527872562408
1.93;131.596470091354;0.949113488197327
1.94;131.553222483171;0.954431295394898
1.95;131.441364545089;0.952968001365662
1.96;131.190659432609;0.9508056640625
1.97;131.048065771155;0.942726969718933
1.98;130.820729823626;0.936393022537231
1.99;130.515087323715;0.914749801158905
2.0;130.366071563521;0.910059928894043
2.01;130.047135050593;0.922301650047302
2.02;130.013430913797;0.91998291015625
2.03;129.851749885866;0.918002843856812
2.04;129.971514396327;0.914093017578125
2.05;130.071100577505;0.914349377155304
2.06;130.073020699011;0.917184710502624
2.07;130.153927649756;0.912720799446106
2.08;130.172466833499;0.915855169296265
2.09;130.093248883105;0.919620871543884
2.1;130.409228478258;0.90829586982727
2.11;130.577162556133;0.917927980422974
2.12;131.035398263707;0.945677399635315
2.13;131.157383210931;0.950622081756592
2.14;131.323179742615;0.951596438884735
2.15;131.315378967151;0.949535667896271
2.16;131.005150248057;0.949093759059906
2.17;130.56579786792;0.920581936836243
2.18;129.969737959545;0.915019810199738
2.19;129.18517760947;0.896135270595551
2.2;128.66745462745;0.905032932758331
2.21;128.271003161272;0.91325181722641
2.22;128.409068251507;0.909204006195068
2.23;128.554987638148;0.901794791221619
2.24;128.911316914975;0.891979992389679
2.25;129.214900565398;0.898133814334869
2.26;129.424831432068;0.908943235874176
2.27;129.415456078606;0.906277418136597
2.28;129.322759087463;0.905193090438843
2.29;129.323541498279;0.900891363620758
2.3;129.297319401517;0.900274157524109
2.31;129.452193253051;0.911364495754242
2.32;129.834590413771;0.914478600025177
2.33;130.305475807883;0.915558397769928
2.34;130.803343269343;0.93238627910614
2.35;131.301878583383;0.948704481124878
2.36;131.583644663196;0.953313946723938
2.37;131.833561018863;0.947877407073975
2.38;131.810735243681;0.949187815189362
2.39;131.644374645279;0.952826499938965
2.4;131.635837939263;0.952631413936615
2.41;131.555578960902;0.954137444496155
2.42;131.446771827079;0.954637408256531
2.43;131.450064909923;0.95272970199585
2.44;131.443234387676;0.95457661151886
2.45;131.036266095571;0.948901534080505
2.46;129.765012439844;0.874477744102478
2.47;125.283558852982;0.493973433971405
2.48;120.675886660223;0.403630137443543
2.49;117.46466062945;0.394865810871124
2.5;115.145993211159;0.50862455368042
2.51;114.563059591673;0.455467700958252
2.52;106.82867003103;0.330853253602982
2.53;101.029548880845;0.138274997472763
2.54;101.057898635994;0.14172774553299
2.55;102.517281394453;0.0445635914802551
2.56;103.693448830117;0.0428063869476318
2.57;104.531675859297;0.0361859500408173
2.58;106.036406819604;0.0357735157012939
2.59;108.035181900076;0.0254980325698853
2.6;110.028556353064;0.162193983793259
2.61;111.357065572751;0.251744419336319
2.62;111.784320850323;0.327378273010254
2.63;115.010665812379;0.140659749507904
2.64;117.363245555601;0.0879099071025848
2.65;118.393396554148;0.125663101673126
2.66;121.960190487472;0.139522194862366
2.67;125.042196064647;0.0747578144073486
2.68;126.887769110379;0.185485124588013
2.69;130.37065802335;0.200379639863968
2.7;134.365154428266;0.483265429735184
2.71;133.571885742163;0.679968059062958
2.72;133.587536095849;0.870352625846863
2.73;133.485362877101;0.921037435531616
2.74;133.461326341491;0.930755794048309
2.75;133.778417911775;0.946749210357666
2.76;134.042920673641;0.947897791862488
2.77;134.053204833445;0.951728880405426
2.78;133.977323926368;0.953519463539124
2.79;133.890126891016;0.951267659664154
2.8;133.484304021308;0.935982823371887
2.81;133.316018353819;0.939936876296997
2.82;133.249755692425;0.943176448345184
2.83;132.970291352277;0.944652259349823
2.84;132.635269180238;0.94328248500824
2.85;132.26182052135;0.924665451049805
2.86;131.607401896332;0.94347095489502
2.87;130.96467277438;0.934298515319824
2.88;130.680021271417;0.909322142601013
2.89;130.476376103438;0.901142239570618
2.9;130.706130689906;0.918842196464539
2.91;130.959912905709;0.930480897426605
2.92;131.310267288311;0.940090775489807
2.93;131.877855723413;0.93445098400116
2.94;131.898089132121;0.940415620803833
2.95;132.124608417687;0.92816036939621
2.96;132.204346183022;0.922758877277374
2.97;131.978102143646;0.936720371246338
2.98;131.96221455361;0.938877105712891
2.99;131.786326699417;0.941534876823425
3.0;131.548839733645;0.949460506439209
3.01;131.500959376587;0.950962543487549
3.02;131.377174889451;0.944298267364502
3.03;131.148989144399;0.942503333091736
3.04;130.880611278399;0.927607893943787
3.05;130.714521095737;0.921761631965637
3.06;130.648869775008;0.917197704315186
3.07;130.797457898426;0.9298095703125
3.08;131.26382326424;0.939936280250549
3.09;131.956593904039;0.935135245323181
3.1;132.640483744337;0.942245602607727
3.11;133.688720046873;0.933963060379028
3.12;134.780762247713;0.938123881816864
3.13;135.261185571381;0.934263229370117
3.14;135.625616397242;0.944668054580688
3.15;135.732967663523;0.945808172225952
3.16;135.453983514934;0.938691258430481
3.17;134.810239887815;0.945109486579895
3.18;133.783541741697;0.939257383346558
3.19;132.589969228066;0.942062437534332
3.2;131.43802719325;0.957006692886352
3.21;130.446086974167;0.915917754173279
3.22;129.736428116978;0.921452522277832
3.23;129.765352987542;0.924769580364227
3.24;130.18242101503;0.926279544830322
3.25;130.843624218856;0.951505661010742
3.26;131.317298529222;0.961673855781555
3.27;131.748223108752;0.957234263420105
3.28;132.091775208051;0.945338249206543
3.29;132.249467574418;0.948825001716614
3.3;132.224383488512;0.942319869995117
3.31;132.189851726753;0.941512584686279
3.32;132.032665994052;0.949861884117126
3.33;131.878792275745;0.956055283546448
3.34;131.448352625388;0.957629442214966
3.35;130.579317035592;0.904656052589416
3.36;128.289058007407;0.783936619758606
3.37;124.639276907908;0.717229306697846
3.38;122.160486251742;0.741007745265961
3.39;120.418126481909;0.647603750228882
3.4;115.892748571939;0.487479448318482
3.41;114.912758148471;0.454390943050385
3.42;115.737371268957;0.326202213764191
3.43;116.534127002659;0.0565793216228485
3.44;118.117530401898;0.0928508639335632
3.45;121.240477260235;0.310862541198731
3.46;123.901919589748;0.478474020957947
3.47;125.605622070406;0.548660159111023
3.48;126.753519579904;0.0853230655193329
3.49;131.647006894779;0.182054400444031
3.5;135.312562668471;0.153647243976593
3.51;135.302138081101;0.420158892869949
3.52;132.562517623701;0.643729627132416
3.53;131.704294388989;0.777709066867828
3.54;131.086616949503;0.841787278652191
3.55;130.245827917298;0.893831968307495
3.56;128.914568054521;0.880692720413208
3.57;127.75821765566;0.885818839073181
3.58;126.62407859881;0.904650688171387
3.59;125.880553138006;0.8856121301651
3.6;124.794773872027;0.894492149353027
3.61;124.00316983017;0.944648146629334
3.62;123.644107643732;0.947273015975952
3.63;124.039912087833;0.941671550273895
3.64;124.564833359048;0.904735803604126
3.65;125.329263398283;0.916473984718323
3.66;125.975936861681;0.911708414554596
3.67;126.583413017871;0.931207954883575
3.68;127.190942355476;0.901733577251434
3.69;127.602761738834;0.893616139888763
3.7;127.888804625285;0.906025767326355
3.71;127.839579681486;0.909472584724426
3.72;127.664165502915;0.903270363807678
3.73;127.441038745691;0.878421068191528
3.74;127.374360400295;0.890780746936798
3.75;127.820522914379;0.91435718536377
3.76;128.495412845654;0.907457172870636
3.77;129.522022545358;0.910501718521118
3.78;130.316397107458;0.912371695041656
3.79;130.949829725342;0.94572639465332
3.8;131.538220905086;0.954909205436706
3.81;131.927622571596;0.945769429206848
3.82;132.129700469787;0.937372624874115
3.83;132.12015442395;0.939703345298767
3.84;132.03016762205;0.944356322288513
3.85;132.047732597752;0.942160427570343
3.86;132.049138372716;0.942252099514008
3.87;131.676805394421;0.955843985080719
3.88;131.445332728779;0.956828236579895
3.89;131.070955000151;0.947672605514526
3.9;130.598930741343;0.928892493247986
3.91;130.324852176788;0.912360429763794
3.92;130.23860891422;0.914824306964874
3.93;130.019249908029;0.917832314968109
3.94;130.026769919016;0.911826968193054
3.95;130.011817852846;0.920473337173462
3.96;130.067123116746;0.915154457092285
3.97;130.109597955616;0.916571021080017
3.98;130.249303633884;0.919172644615173
3.99;130.408143203491;0.911465048789978
4.0;130.347746889594;0.916453719139099
4.01;130.361120837638;0.912812292575836
4.02;130.565613622572;0.920090734958649
4.03;130.430471364317;0.91342306137085
4.04;130.508398908715;0.913338899612427
4.05;130.248685318004;0.919815897941589
4.06;129.906073108142;0.914711177349091
4.07;129.522587935148;0.907783627510071
4.08;129.424787737424;0.910853266716003
4.09;129.855854447267;0.91612696647644
4.1;130.350566995482;0.912708401679993
4.11;130.865562506543;0.939904689788818
4.12;131.460502844592;0.953707277774811
4.13;131.624926816458;0.953946590423584
4.14;131.778848067074;0.953291237354279
4.15;131.528870966773;0.948898792266846
4.16;130.993351619351;0.941571950912476
4.17;130.541559340215;0.909382700920105
4.18;130.495286439334;0.91463577747345
4.19;130.455535427972;0.907944321632385
4.2;130.66309535417;0.930172443389893
4.21;130.852329922887;0.944279432296753
4.22;130.966763512716;0.946786344051361
4.23;130.764368426926;0.941884517669678
4.24;130.519315723395;0.910679280757904
4.25;130.28963011178;0.914732336997986
4.26;130.180881655296;0.916970789432526
4.27;130.488333531349;0.912791609764099
4.28;130.886347718776;0.94551420211792
4.29;131.261186518458;0.956060647964478
4.3;131.600276110391;0.956900000572205
4.31;131.971104941136;0.949370980262756
4.32;132.314418155312;0.944951891899109
4.33;132.625802605947;0.954034090042114
4.34;132.766459982151;0.952746152877808
4.35;132.608531522626;0.948273777961731
4.36;132.200721328093;0.937023043632507
4.37;131.87999963025;0.946612596511841
4.38;131.337325116847;0.952573776245117
4.39;130.613230620482;0.924702823162079
4.4;130.005659341339;0.910050511360168
4.41;129.531479602551;0.914608359336853
4.42;129.396792085836;0.908002972602844
4.43;129.606216424359;0.912019610404968
4.44;129.927720532196;0.922339022159576
4.45;130.270080822349;0.914200663566589
4.46;130.640313537248;0.924218773841858
4.47;130.725612328818;0.937099456787109
4.48;130.917268410344;0.944808602333069
4.49;130.788991709333;0.939786434173584
4.5;131.082929286455;0.951430797576904
4.51;131.370720175247;0.954749584197998
4.52;131.535396290095;0.959408402442932
4.53;131.703679342307;0.954526424407959
4.54;131.706952495907;0.950510025024414
4.55;131.580084429937;0.95699143409729
4.56;131.545549867406;0.957078456878662
4.57;131.280983007959;0.94967770576477
4.58;130.912893369003;0.93912947177887
4.59;130.658641190714;0.924099266529083
4.6;130.647308235661;0.926781713962555
4.61;130.578320846555;0.920572578907013
4.62;130.795929752066;0.939041137695312
4.63;131.044221943194;0.948837995529175
4.64;131.535889382143;0.957144737243653
4.65;132.036754243554;0.943859577178955
4.66;132.734468059793;0.949154794216156
4.67;133.404425233763;0.938992142677307
4.68;133.451950927668;0.937606692314148
4.69;133.468596117203;0.933817028999329
4.7;133.073791322932;0.945805311203003
4.71;132.375316606989;0.94118332862854
4.72;131.900448243168;0.947872221469879
4.73;131.459061837424;0.949501574039459
4.74;130.829863185975;0.939921140670776
4.75;130.650114434909;0.931603312492371
4.76;130.523802729118;0.913191080093384
4.77;130.546019410454;0.915700316429138
4.78;130.59227588628;0.92365962266922
4.79;130.838699430394;0.942571222782135
4.8;131.020357798478;0.949256479740143
4.81;131.526157391018;0.956494331359863
4.82;132.164981087358;0.938567876815796
4.83;133.102552707249;0.949895262718201
4.84;133.973669909401;0.952854990959168
4.85;134.788817481835;0.94916695356369
4.86;135.104157745969;0.928884267807007
4.87;134.757038171468;0.942390084266663
4.88;134.001412385197;0.939652264118195
4.89;131.337114460004;0.876047611236572
4.9;125.856509565472;0.696553468704224
4.91;121.881860956112;0.435250669717789
4.92;114.514912887208;0.469614028930664
4.93;113.856040013829;0.397097229957581
4.94;111.347992851061;0.469887375831604
4.95;110.843949322407;0.394075453281403
4.96;110.418894856016;0.253288239240646
4.97;112.938586604201;0.356208920478821
4.98;115.112545614981;0.464931309223175
4.99;117.44705075469;0.151125311851501
5.0;117.454076045129;0.253911972045898
5.01;118.37342802364;0.169800639152527
5.02;121.03852671054;0.119745880365372
5.03;126.382034528601;0.261518567800522
5.04;130.124349459865;0.179052203893662
5.05;131.540109131333;0.192747920751572
5.06;134.983240056297;0.0215213894844055
5.07;139.971776590666;0.227899581193924
5.08;135.60571956282;0.254293173551559
5.09;133.133457341229;0.687142550945282
5.1;132.347168471746;0.812797546386719
5.11;131.199323505268;0.882773160934448
5.12;130.093592637191;0.878025054931641
5.13;128.684268949376;0.862879872322083
5.14;127.4622154845;0.858948826789856
5.15;126.370409101584;0.881816506385803
5.16;125.469853771474;0.896202623844147
5.17;125.037396843322;0.910164177417755
5.18;124.599450382197;0.894845962524414
5.19;124.047133779667;0.931342363357544
5.2;123.70486168882;0.946608543395996
5.21;123.770261622858;0.95307320356369
5.22;123.933384454202;0.9541255235672
5.23;124.464365991321;0.915871322154999
5.24;125.259358419067;0.915375471115112
5.25;126.178683573381;0.917263686656952
5.26;127.128252733987;0.922375798225403
5.27;128.329341472231;0.915675163269043
5.28;129.563906809075;0.905798077583313
5.29;130.19258141743;0.917238831520081
5.3;130.395794608573;0.916887760162354
5.31;130.531170621461;0.926814198493958
5.32;130.586900969652;0.937973260879517
5.33;130.558347514728;0.925928831100464
5.34;130.428434130055;0.914150238037109
5.35;130.552176675609;0.931104600429535
5.36;130.592651756453;0.926407337188721
5.37;130.652037047005;0.937646269798279
5.38;130.574336560929;0.923083782196045
5.39;130.177565458077;0.921844482421875
5.4;129.58175320713;0.913945198059082
5.41;129.279427956451;0.896656632423401
5.42;129.426568030927;0.913827002048492
5.43;129.477368945555;0.911644816398621
5.44;129.385434677262;0.912330627441406
5.45;129.309461524279;0.903566360473633
5.46;129.185462844806;0.892875671386719
5.47;129.343288684436;0.904230833053589
5.48;129.99287306021;0.919948577880859
5.49;130.86188570172;0.942351222038269
5.5;132.089332673945;0.932623028755188
5.51;133.382713845598;0.934121489524841
5.52;134.518127671718;0.950338363647461
5.53;135.000392317035;0.92251068353653
5.54;134.218191165801;0.947173535823822
5.55;131.836808376469;0.8312948346138
5.56;128.690675689633;0.705069899559021
5.57;125.201349388101;0.769539952278137
5.58;123.949843821048;0.677624702453613
5.59;121.917590997069;0.414575457572937
5.6;110.832574587209;0.313445687294006
5.61;99.0342540971066;0.494688481092453
5.62;88.2488770907194;0.199534833431244
5.63;78.1508505812931;0.0431309938430786
5.64;69.9607772866995;0.212009876966476
5.65;65.4084191440274;0.156357437372208
5.66;57.871808137473;0.107659518718719
5.67;56.2951559507371;0.264218628406525
5.68;54.4709276719624;0.0485917627811432
5.69;51.1125136726414;0.0644097626209259
5.7;50.2606260968708;0.0603606998920441
5.71;49.5766654751354;0.123882114887238
5.72;49.4176596847552;0.186734259128571
5.73;50.3457988453174;0.13244491815567
5.74;51.9190742106355;0.191478818655014
5.75;52.1171311047703;0.310566186904907
5.76;54.5965158965926;0.216335266828537
5.77;59.1011136292737;0.43292972445488
5.78;65.1833074424343;0.0384076535701752
5.79;67.2149557695243;0.0825029313564301
5.8;70.3757463551784;0.187868297100067
5.81;73.8021009191104;0.118068695068359
5.82;75.440189550591;0.0725012719631195
5.83;77.9734952883412;0.162112861871719
5.84;80.9698273045689;0.0687255859375
5.85;83.1616896222004;0.0216986536979675
5.86;85.2574299669621;0.014216810464859
5.87;89.1455712217646;0.006632387638092
5.88;91.8571985306399;0.0642311275005341
5.89;96.2630006674126;0.0057041049003601
5.9;101.857805325212;0.020049512386322
5.91;105.169294969488;0.0057559311389923
5.92;110.482867608803;0.0162861347198486
5.93;119.037176261061;0.510895311832428
5.94;117.754916694658;0.770931482315064
5.95;116.39758506721;0.830426156520844
5.96;115.384493275345;0.910376071929932
5.97;114.610815255126;0.912390828132629
5.98;114.536360377049;0.925137996673584
5.99;114.980220830452;0.924294590950012
6.0;115.301606121397;0.938500583171844
6.01;115.894288670728;0.944279313087463
6.02;116.337169309649;0.945353865623474
6.03;116.730304067967;0.960149526596069
6.04;117.120877247925;0.94760262966156
6.05;117.848491111321;0.923424541950226
6.06;118.558525484201;0.930018246173859
6.07;119.324289811629;0.940837979316711
6.08;120.242047614917;0.929292678833008
6.09;120.811911321299;0.944774389266968
6.1;121.02879022198;0.946970224380493
6.11;121.195333717802;0.947199821472168
6.12;120.79409187253;0.952240824699402
6.13;120.297238861143;0.936101913452148
6.14;120.139951722364;0.944309711456299
6.15;119.95466623306;0.950684666633606
6.16;120.500983438347;0.925517439842224
6.17;121.576533190664;0.917606830596924
6.18;122.758057643555;0.926775097846985
6.19;123.793120736323;0.940113961696625
6.2;124.923895193899;0.905251920223236
6.21;126.375608320635;0.910135746002197
6.22;127.910670459443;0.917165219783783
6.23;129.215658881548;0.889113664627075
6.24;130.010309512504;0.921804428100586
6.25;130.600982165837;0.938702464103699
6.26;130.899118386245;0.952949643135071
6.27;130.675136379723;0.945628225803375
6.28;130.371527168807;0.925047874450684
6.29;129.617913813899;0.912838816642761
6.3;128.764165934533;0.886375844478607
6.31;127.941168698843;0.906956017017364
6.32;127.319138918328;0.89898818731308
6.33;126.893227156327;0.91853928565979
6.34;126.369731766067;0.919793546199799
6.35;126.020792890909;0.900714755058289
6.36;125.745744428844;0.90076619386673
6.37;126.028806392234;0.889836192131043
6.38;126.247671704074;0.917110979557037
6.39;126.787995783362;0.918314218521118
6.4;127.409199709327;0.891517400741577
6.41;128.112579215399;0.910153388977051
6.42;128.643937138423;0.906675457954407
6.43;129.39129132054;0.903432130813599
6.44;129.769885503516;0.914716362953186
6.45;130.135231357423;0.920518159866333
6.46;130.373608820618;0.917626321315765
6.47;130.449175714047;0.922701478004456
6.48;130.315442968597;0.926707029342651
6.49;130.572244535791;0.939811944961548
6.5;130.734091819907;0.952217996120453
6.51;130.718303270933;0.942884147167206
6.52;130.561954271595;0.922170639038086
6.53;130.477125949969;0.907971978187561
6.54;130.284006231;0.888427138328552
6.55;129.951605481325;0.877011060714722
6.56;129.768431257292;0.848217070102692
6.57;129.154942888358;0.580324530601502
6.58;122.161688862358;0.419126063585281
6.59;119.255798397978;0.755283713340759
6.6;117.275149845326;0.848284959793091
6.61;114.816647212048;0.801758408546448
6.62;112.33974194654;0.663346409797669
6.63;110.380289776252;0.698826611042023
6.64;107.080663022517;0.675285816192627
6.65;105.321452766521;0.657593727111816
6.66;107.26133515077;0.500727295875549
6.67;110.898773246842;0.765351057052612
6.68;112.447161792417;0.813477516174316
6.69;113.692481285911;0.865577697753906
6.7;114.371935197633;0.915914595127106
6.71;114.700035165142;0.91231632232666
6.72;115.152802418994;0.931767821311951
6.73;115.769811431849;0.943678736686706
6.74;116.688178323885;0.949602246284485
6.75;117.584626274602;0.90689480304718
6.76;118.660790694604;0.907807350158691
6.77;120.197376105643;0.904568493366242
6.78;121.365369412811;0.921889066696167
6.79;122.355599818326;0.940501868724823
6.8;123.440636401614;0.942711174488068
6.81;124.518816192347;0.916291117668152
6.82;125.432338449392;0.906306564807892
6.83;126.415612526475;0.916180372238159
6.84;127.255215936377;0.887862205505371
6.85;128.169333247747;0.908143997192383
6.86;128.788481416588;0.892490863800049
6.87;128.997782002716;0.884554445743561
6.88;129.201344078539;0.900051712989807
6.89;129.235415910173;0.900037348270416
6.9;129.196939038127;0.897631049156189
6.91;129.273970256084;0.907788515090942
6.92;129.510643421106;0.908021926879883
6.93;129.569341417416;0.915239453315735
6.94;129.61298174986;0.916678726673126
6.95;129.464204951295;0.910460710525513
6.96;129.287525144641;0.909654319286346
6.97;129.170708160708;0.889337301254273
6.98;129.33194711798;0.905415534973144
6.99;129.518578104923;0.909823477268219
7.0;129.525419635665;0.910510778427124
7.01;129.349226972507;0.906114220619202
7.02;129.438043843336;0.90673291683197
7.03;129.7451916743;0.914531886577606
7.04;130.318934213379;0.912394762039185
7.05;130.63961717371;0.919362545013428
7.06;130.890277296653;0.931329846382141
7.07;131.010858996292;0.929264307022095
7.08;130.848452994443;0.93485426902771
7.09;130.8362747681;0.931692361831665
7.1;130.699085894554;0.916193246841431
7.11;130.525347531533;0.911121964454651
7.12;130.618729638381;0.917503714561462
7.13;130.509089662623;0.907537162303925
7.14;130.195137549026;0.917189538478851
7.15;130.05087263326;0.915877163410187
7.16;129.81047448732;0.920346021652222
7.17;129.800187190446;0.919618368148804
7.18;129.827409323935;0.921925365924835
7.19;130.071621641621;0.916086792945862
7.2;130.310006276536;0.910451531410217
7.21;130.377298516042;0.916877627372742
7.22;130.65869094973;0.925876140594482
7.23;130.608225052547;0.922991871833801
7.24;130.598403476794;0.924432516098022
7.25;130.702702040857;0.924842357635498
7.26;130.76284650544;0.936163544654846
7.27;130.916080097704;0.946089267730713
7.28;130.794451701226;0.938368201255799
7.29;130.633983832881;0.922964751720428
7.3;130.190130653009;0.916897296905518
7.31;129.817478823974;0.920556128025055
7.32;129.213716637229;0.89760547876358
7.33;128.535925378511;0.912497699260712
7.34;127.947840012571;0.915168821811676
7.35;127.757643641258;0.91089129447937
7.36;127.533394355459;0.897536277770996
7.37;127.279686811913;0.904571771621704
7.38;126.956487266935;0.924647450447082
7.39;126.816572362356;0.928448557853699
7.4;126.647783975718;0.933738112449646
7.41;126.367332936945;0.934365928173065
7.42;126.522430565127;0.936632692813873
7.43;126.947754963626;0.921677470207214
7.44;127.320716831942;0.898533940315247
7.45;128.06209562954;0.918187975883484
7.46;128.797449513882;0.90255218744278
7.47;129.243354853274;0.904602289199829
7.48;129.552716641954;0.919958472251892
7.49;129.82265718298;0.924097776412964
7.5;129.789972791801;0.924281120300293
7.51;129.803375597135;0.921846032142639
7.52;129.929083326507;0.92162561416626
7.53;129.941284654725;0.919144511222839
7.54;129.711160208654;0.921645402908325
7.55;129.427334394219;0.915439486503601
7.56;129.287197937772;0.898138403892517
7.57;128.984645939068;0.886767327785492
7.58;128.779015588837;0.903011679649353
7.59;128.657347231695;0.908286213874817
7.6;128.760167922331;0.904662489891052
7.61;128.630443951842;0.911456525325775
7.62;128.789916878376;0.899186670780182
7.63;129.384754280019;0.902053475379944
7.64;129.754928826173;0.920658051967621
7.65;130.013755350857;0.921461701393127
7.66;130.321920826379;0.916044056415558
7.67;130.384584374268;0.9150550365448
7.68;130.422640889248;0.91380512714386
7.69;130.436132945654;0.916293680667877
7.7;130.200727150981;0.91691792011261
7.71;129.948570985752;0.919365048408508
7.72;129.551711325584;0.916157484054565
7.73;129.443816258507;0.907617688179016
7.74;129.23720507693;0.900552153587341
7.75;129.193642279086;0.896072506904602
7.76;129.243184917651;0.897870361804962
7.77;129.401262042926;0.911680400371552
7.78;129.582223650951;0.910392105579376
7.79;129.941709504953;0.916826367378235
7.8;130.243713827892;0.912990570068359
7.81;130.401414027513;0.908425569534302
7.82;130.650169581605;0.925536036491394
7.83;130.85501331367;0.939235746860504
7.84;131.254677603469;0.95409893989563
7.85;131.576547813659;0.954913020133972
7.86;132.084158188155;0.939146995544434
7.87;132.295429275953;0.941182792186737
7.88;132.120053073694;0.935034096240997
7.89;131.522977764166;0.951513528823852
7.9;130.821066022313;0.926706314086914
7.91;129.660970410478;0.908439695835114
7.92;128.747868096926;0.896228671073914
7.93;128.465689591228;0.90587055683136
7.94;128.354860927367;0.910891711711884
7.95;128.866419263203;0.887753367424011
7.96;130.04045683217;0.910167813301086
7.97;130.808515330589;0.934583246707916
7.98;131.353840199748;0.953697443008423
7.99;131.557191160209;0.952688455581665
8.0;131.522382269418;0.948828935623169
8.01;131.085476301377;0.949457764625549
8.02;130.513758959212;0.919551312923431
8.03;129.963869851519;0.915207862854004
8.04;129.326165004247;0.911869406700134
8.05;128.925249608248;0.890185117721558
8.06;128.756109054511;0.903362274169922
8.07;128.475816656068;0.915814757347107
8.08;128.444722990603;0.9129239320755
8.09;128.487055190084;0.910895824432373
8.1;128.693833366629;0.909437417984009
8.11;128.75750627593;0.904974043369293
8.12;129.166732915444;0.897744178771973
8.13;129.527251320767;0.911967813968658
8.14;129.438377881211;0.91522204875946
8.15;129.293744040984;0.908307492733002
8.16;129.205288879145;0.897261619567871
8.17;129.19229278562;0.898449063301086
8.18;129.568403188171;0.914599478244782
8.19;130.059745193842;0.920617699623108
8.2;130.36739267188;0.91177499294281
8.21;130.615307372359;0.919435322284698
8.22;130.413776231273;0.913233578205109
8.23;130.368351096169;0.912813901901245
8.24;130.056845893481;0.918723464012146
8.25;129.712338492752;0.919088959693909
8.26;129.896667437488;0.917424261569977
8.27;130.048715664395;0.920706748962403
8.28;130.426612235911;0.91391396522522
8.29;130.510695763058;0.916441202163696
8.3;130.565572079739;0.916707634925842
8.31;130.479329916615;0.905788064002991
8.32;130.172768083411;0.922207832336426
8.33;130.158952234999;0.917424261569977
8.34;129.841535756263;0.920548141002655
8.35;129.474873300145;0.913563430309296
8.36;129.277737323833;0.902476668357849
8.37;129.150397070672;0.893732309341431
8.38;129.246104003516;0.901033937931061
8.39;129.397261385917;0.907562494277954
8.4;129.847301011425;0.914189457893372
8.41;130.260527257581;0.911084175109863
8.42;130.656358667271;0.927644371986389
8.43;131.248088873304;0.950127124786377
8.44;131.519684126607;0.948720216751099
8.45;131.255059272158;0.949724733829498
8.46;130.843574747206;0.935574233531952
8.47;130.315985269528;0.915718615055084
8.48;129.831865203842;0.922125697135925
8.49;129.053077362548;0.883920729160309
8.5;128.478488819198;0.908948302268982
8.51;127.903274793854;0.914536952972412
8.52;127.668688712663;0.900063753128052
8.53;127.885429579266;0.906697511672974
8.54;127.892845627042;0.914316296577454
8.55;128.15767421358;0.920787632465362
8.56;128.578234317924;0.916591942310333
8.57;128.832382156691;0.905959606170654
8.58;128.767973618579;0.911255955696106
8.59;129.056811112524;0.893283367156982
8.6;129.332632128433;0.904496669769287
8.61;129.404481534902;0.915311634540558
8.62;129.519623926144;0.919523596763611
8.63;129.974006865756;0.921611189842224
8.64;130.2578473649;0.921623349189758
8.65;130.599238434561;0.928260624408722
8.66;130.820817781935;0.945712208747864
8.67;130.890807212014;0.945578336715698
8.68;130.911848214119;0.943984746932983
8.69;130.760909855925;0.94337010383606
8.7;130.912005320482;0.951186239719391
8.71;130.779927342956;0.942258715629578
8.72;130.676583447269;0.936582088470459
8.73;130.497591024381;0.913396716117859
8.74;130.349932222394;0.919846773147583
8.75;130.211104603063;0.923257291316986
8.76;130.122379519465;0.925583839416504
8.77;130.140177924938;0.92222797870636
8.78;130.255132485019;0.919780135154724
8.79;130.470279640726;0.91737949848175
8.8;130.576606742763;0.923376798629761
8.81;130.483307622305;0.914346575737
8.82;130.412463514691;0.918164134025574
8.83;130.443254019935;0.911174654960632
8.84;130.402598598198;0.918721795082092
8.85;130.213141791308;0.92156720161438
8.86;130.263244623711;0.92032516002655
8.87;130.246671332278;0.922383189201355
8.88;130.122281174575;0.920148611068726
8.89;129.882727572197;0.921937227249146
8.9;129.524505258157;0.911094903945923
8.91;129.107220327285;0.894760966300964
8.92;129.010476748527;0.89307975769043
8.93;129.36918202354;0.9048752784729
8.94;129.828081631145;0.92189347743988
8.95;130.402050499478;0.917570114135742
8.96;131.072842379303;0.957754015922546
8.97;131.638105469186;0.961024045944214
8.98;132.101890534131;0.947173714637756
8.99;132.314673273273;0.952236771583557
9.0;132.370383209751;0.951406598091126
9.01;132.130888165384;0.933005928993225
9.02;131.825185518046;0.946614503860474
9.03;131.86861643941;0.941173076629639
9.04;132.181400712708;0.932964265346527
9.05;132.594069833593;0.953001499176025
9.06;132.915400850591;0.951756477355957
9.07;133.300934973972;0.941227078437805
9.08;133.251950397255;0.947642266750336
9.09;133.106063303335;0.949956059455872
9.1;132.999804923232;0.951022446155548
9.11;132.661216396902;0.95763087272644
9.12;132.384463088341;0.950781226158142
9.13;132.099270903867;0.935484349727631
9.14;131.832878747332;0.955551743507385
9.15;131.611459709475;0.960417866706848
9.16;131.367857845033;0.959471702575684
9.17;131.127527059116;0.959494411945343
9.18;130.873430787924;0.949250102043152
9.19;130.657680348926;0.940521538257599
9.2;130.534648449634;0.932697057723999
9.21;130.654276150065;0.938556790351868
9.22;130.722909958618;0.945128738880158
9.23;130.98774898026;0.956748723983765
9.24;131.050601381824;0.958990275859833
9.25;131.05366557411;0.955334186553955
9.26;131.039366128238;0.956056654453278
9.27;131.134871809841;0.963011562824249
9.28;131.107372687646;0.957849740982056
9.29;130.95457837149;0.953243136405945
9.3;130.770223793074;0.948342442512512
9.31;130.695809209905;0.936915278434753
9.32;130.522478560665;0.927631139755249
9.33;130.477978107588;0.92372465133667
9.34;130.566432649667;0.928158760070801
9.35;130.674911171989;0.938852667808533
9.36;130.965659662169;0.953963398933411
9.37;131.067600309443;0.956846237182617
9.38;131.210934904242;0.956583857536316
9.39;131.206139089881;0.957404375076294
9.4;131.230476354322;0.961832344532013
9.41;131.011698579991;0.952478051185608
9.42;130.749155566072;0.941005825996399
9.43;130.581247723358;0.933530807495117
9.44;130.568678755662;0.925775706768036
9.45;130.494119998485;0.92471432685852
9.46;130.404612209975;0.915950834751129
9.47;130.573388281384;0.931745171546936
9.48;130.79382061873;0.944705009460449
9.49;131.244328425382;0.959800839424133
9.5;131.545844658278;0.957670092582703
9.51;131.812494767992;0.949752509593964
9.52;131.997352627382;0.94469165802002
9.53;132.088983324172;0.946342945098877
9.54;132.273761357657;0.945234894752502
9.55;132.376046947606;0.945714950561523
9.56;132.205577629443;0.941250205039978
9.57;132.177447736764;0.941097736358643
9.58;131.97779157629;0.945171475410461
9.59;131.397729311916;0.959380567073822
9.6;130.598766511102;0.906888425350189
9.61;129.175555029075;0.862265348434448
9.62;125.8351696201;0.782798945903778
9.63;122.445148044582;0.646138906478882
9.64;119.482200507536;0.458088010549545
9.65;106.070879129399;0.251658588647842
9.66;104.130813029025;0.36474734544754
9.67;101.997626445503;0.433760017156601
9.68;99.6605567925456;0.2885582447052
9.69;100.295639861129;0.028992235660553
9.7;107.488968384826;0.0473738312721253
9.71;111.333333358822;0.0634601712226868
9.72;114.415939156473;0.0978946387767792
9.73;116.999107488461;0.154499888420105
9.74;122.424579587717;0.209098905324936
9.75;127.450858214544;0.28179407119751
9.76;132.277327086542;0.101249784231186
9.77;132.999441361376;0.412034571170807
9.78;141.037804527643;0.3470099568367
9.79;145.991243137422;0.335362493991852
9.8;152.476154588098;0.0118263363838196
9.81;154.680619208479;0.0120924413204193
9.82;161.571301867883;0.219648122787476
9.83;161.770309585493;0.537514686584473
9.84;160.192885462514;0.661325097084045
9.85;158.432867381408;0.878350377082825
9.86;156.505016115102;0.92725682258606
9.87;155.508276831317;0.952355206012726
9.88;154.932380450019;0.946197271347046
9.89;154.551823059698;0.960069894790649
9.9;154.076010884922;0.954414904117584
9.91;153.321133853663;0.930088996887207
9.92;152.3526324263;0.942293286323547
9.93;151.478577955169;0.924603760242462
9.94;150.601127262976;0.948749482631683
9.95;150.142404092462;0.941535472869873
9.96;149.659992379542;0.948826670646668
9.97;149.347826323501;0.958869338035584
9.98;148.978100415732;0.959183573722839
9.99;148.712696912648;0.953725099563599
10.0;148.609865480439;0.949198126792908
10.01;148.476790771988;0.944035530090332
10.02;148.436020033802;0.942051768302918
10.03;148.448400837041;0.941382527351379
10.04;148.288465941105;0.953065931797028
10.05;148.517276382169;0.945358276367188
10.06;148.558677046302;0.946728110313416
10.07;148.693807985452;0.954419374465942
10.08;148.746172658962;0.955491185188294
10.09;148.782539929725;0.958473324775696
10.1;148.898631292981;0.959280848503113
10.11;149.002313258583;0.961435556411743
10.12;148.865381569366;0.957424223423004
10.13;148.768028053085;0.954764366149903
10.14;148.226735194223;0.95187509059906
10.15;147.77916302826;0.968069195747376
10.16;147.490554355477;0.972872972488403
10.17;147.287958420649;0.975271046161652
10.18;147.331309773659;0.975741803646088
10.19;147.243731473116;0.973154425621033
10.2;146.981753301788;0.970773696899414
10.21;146.847720941065;0.966377675533295
10.22;146.677318926105;0.962447583675384
10.23;146.475539970711;0.951356768608093
10.24;146.409056714056;0.94939124584198
10.25;146.191545887956;0.960275173187256
10.26;145.938327030712;0.964593648910522
10.27;145.551367082798;0.962924957275391
10.28;145.217127916836;0.951992511749268
10.29;144.791964910568;0.928993344306946
10.3;144.325363103868;0.934331774711609
10.31;143.745804207385;0.931607723236084
10.32;143.684788269902;0.934454202651978
10.33;143.967222434521;0.934941709041596
10.34;144.395717988648;0.932072639465332
10.35;145.070491681952;0.94876766204834
10.36;145.419790264512;0.959770798683166
10.37;145.743271707188;0.965581834316254
10.38;146.099440567609;0.954904675483704
10.39;146.346252670874;0.948477923870087
10.4;146.618479874656;0.96420818567276
10.41;146.859609507944;0.970990538597107
10.42;147.011364013734;0.973277568817139
10.43;146.975400828874;0.973019003868103
10.44;146.995371505842;0.973164498806
10.45;146.929555042132;0.973252832889557
10.46;147.066336883719;0.97472083568573
10.47;146.956817558192;0.972249329090118
10.48;146.743684082946;0.968483924865723
10.49;146.243649194946;0.94890558719635
10.5;145.765808084807;0.964401602745056
10.51;145.503133094419;0.964996337890625
10.52;145.589565980865;0.969018816947937
10.53;145.55497639843;0.96288788318634
10.54;145.517612758733;0.965499341487884
10.55;145.455596288367;0.962488174438477
10.56;145.825553427945;0.964420080184936
10.57;146.269121711224;0.952361822128296
10.58;146.529823905968;0.955765008926392
10.59;146.616605580908;0.963108122348785
10.6;146.553602511323;0.956433653831482
10.61;146.214387187739;0.951398491859436
10.62;145.981231698999;0.958174526691437
10.63;145.672532723679;0.963381946086884
10.64;145.343630072422;0.956786572933197
10.65;145.117500541164;0.948913931846619
10.66;144.797441765307;0.925659775733948
10.67;144.399683538299;0.927699685096741
10.68;143.703184793297;0.927741765975952
10.69;143.222382856686;0.910791397094727
10.7;142.835535844194;0.931458950042725
10.71;142.808812729279;0.930657267570496
10.72;143.055781489494;0.916958570480347
10.73;143.420324228848;0.920052766799927
10.74;144.115650908426;0.927758574485779
10.75;144.805707949535;0.923746705055237
10.76;145.4775520009;0.95542049407959
10.77;146.152729779689;0.949828386306763
10.78;146.990098209264;0.968535006046295
10.79;147.414662984679;0.967053353786468
10.8;147.355971947502;0.942505717277527
10.81;146.433800409032;0.847168028354645
10.82;144.604152127355;0.653637647628784
10.83;139.140530537046;0.591257870197296
10.84;135.986033437323;0.65134984254837
10.85;133.813535202635;0.58528059720993
10.86;131.981371898506;0.149734169244766
10.87;133.911217322942;0.0959259867668152
10.88;133.573334699255;0.303412288427353
10.89;134.489950295173;0.260380506515503
10.9;134.227027862484;0.207540392875671
10.91;134.085418984977;0.442400068044663
10.92;136.347041403359;0.180523127317429
10.93;136.097833245787;0.062799483537674
10.94;136.658513819162;0.0958446860313416
10.95;135.426072909839;0.010070264339447
10.96;134.839212000512;0.0120789408683777
10.97;133.616320394624;0.0147660672664642
10.98;133.053629185172;0.119685918092728
10.99;147.717442668088;0.410440444946289
11.0;148.302492699638;0.653210401535034
11.01;149.573168889431;0.876266479492188
11.02;149.93966834938;0.909577488899231
11.03;150.021865355633;0.922536849975586
11.04;149.589688964994;0.930974185466766
11.05;148.49833354604;0.914292454719544
11.06;146.979815776417;0.934879302978516
11.07;145.29310563551;0.910501480102539
11.08;143.915714602139;0.879572629928589
11.09;142.044246953523;0.875384867191315
11.1;141.15799291487;0.915156841278076
11.11;140.410492764245;0.921667456626892
11.12;140.50788370821;0.93264251947403
11.13;140.635563778087;0.92899477481842
11.14;140.738040403165;0.938087522983551
11.15;140.544236737173;0.931438982486725
11.16;139.95954736475;0.917500019073486
11.17;138.810925486834;0.94199812412262
11.18;138.064220606142;0.913828015327454
11.19;137.5270504824;0.930349111557007
11.2;135.331685506031;0.890650749206543
11.21;131.605808684098;0.64437747001648
11.22;125.387796533884;0.577204287052155
11.23;120.693673207663;0.559933543205261
11.24;119.08569090617;0.588038444519043
11.25;116.154477797213;0.579011738300324
11.26;114.069940549536;0.592786550521851
11.27;115.563090298001;0.162620812654495
11.28;119.780475865914;0.40748405456543
11.29;124.530346634102;0.410583436489105
11.3;127.181683720373;0.317157447338104
11.31;129.587004696421;0.035635232925415
11.32;132.716771909746;0.0206580758094788
11.33;135.57379390117;0.0619106590747833
11.34;137.456185413033;0.109725743532181
11.35;141.332106509396;0.153510242700577
11.36;139.126335060095;0.367633819580078
11.37;138.759341479707;0.695637822151184
11.38;138.59431896127;0.861206650733948
11.39;138.281896557576;0.903404116630554
11.4;138.313138873145;0.927210748195648
11.41;138.453542698676;0.940314590930939
11.42;138.677254679959;0.946823954582214
11.43;138.977740660132;0.946886122226715
11.44;138.951448943209;0.943146109580994
11.45;139.029591480765;0.94298905134201
11.46;139.289447256427;0.940482318401337
11.47;139.658790506946;0.922728180885315
11.48;139.998123375605;0.909370362758636
11.49;140.32266686255;0.922518014907837
11.5;140.39346601765;0.924235463142395
11.51;140.105127200779;0.914380729198456
11.52;139.771119539779;0.920259654521942
11.53;139.482407430613;0.937361001968384
11.54;139.059304552919;0.946763038635254
11.55;138.556523107703;0.949653327465057
11.56;138.238790111128;0.937276005744934
11.57;138.052850722824;0.927215099334717
11.58;137.763539690031;0.941132187843323
11.59;137.524043521081;0.938056707382202
11.6;137.50111200044;0.93502414226532
11.61;137.747516804243;0.937710404396057
11.62;138.317824082507;0.935588359832764
11.63;138.757595337495;0.950045704841614
11.64;139.335156680841;0.940918982028961
11.65;139.714087348141;0.914086282253265
11.66;140.178083857917;0.920468926429748
11.67;140.598706709464;0.925478875637054
11.68;140.811160821042;0.928858518600464
11.69;140.721340848728;0.932975471019745
11.7;140.485997544828;0.924284100532532
11.71;139.76166251039;0.919837355613708
11.72;139.217163360377;0.941871404647827
11.73;138.85538538131;0.952305614948273
11.74;138.653096849717;0.948007702827454
11.75;138.392238219496;0.946029245853424
11.76;138.148894443884;0.932485342025757
11.77;137.884489215775;0.92726743221283
11.78;137.649424400843;0.939497768878937
11.79;137.522419115598;0.93775463104248
11.8;137.440132947395;0.933733940124512
11.81;137.555863357864;0.93703418970108
11.82;137.774565527799;0.928659021854401
11.83;138.072406105542;0.916813373565674
11.84;138.126956828209;0.928756237030029
11.85;138.086729684846;0.922305881977081
11.86;138.044966590465;0.92851459980011
11.87;138.014576063413;0.925294041633606
11.88;138.125254276828;0.925135970115662
11.89;138.651081088404;0.943602323532104
11.9;139.078625400175;0.937455892562866
11.91;139.526881928512;0.919252276420593
11.92;139.489886262874;0.934329271316528
11.93;139.239338825056;0.939003109931946
11.94;139.324434293985;0.939795970916748
11.95;139.294346854255;0.933383226394653
11.96;139.452452034115;0.927094995975494
11.97;139.815563221116;0.912258386611938
11.98;140.455188184384;0.917541861534119
11.99;141.02448248203;0.925758838653565
