time;frequency
0;0
0.0029025;0
0.005805;0
0.0087075;0
0.01161;0
0.014512;0
0.017415;0
0.020317;0
0.02322;0
0.026122;0
0.029025;0
0.031927;0
0.03483;0
0.037732;0
0.040635;0
0.043537;0
0.04644;0
0.049342;0
0.052245;0
0.055147;0
0.05805;615.11
0.060952;618.67
0.063855;622.25
0.066757;622.25
0.06966;625.86
0.072562;625.86
0.075465;625.86
0.078367;625.86
0.08127;625.86
0.084172;629.48
0.087075;629.48
0.089977;633.13
0.09288;629.48
0.095782;629.48
0.098685;629.48
0.10159;629.48
0.10449;625.86
0.10739;625.86
0.11029;625.86
0.1132;625.86
0.1161;625.86
0.119;625.86
0.1219;625.86
0.12481;622.25
0.12771;622.25
0.13061;622.25
0.13351;618.67
0.13642;618.67
0.13932;618.67
0.14222;618.67
0.14512;618.67
0.14803;618.67
0.15093;618.67
0.15383;618.67
0.15673;618.67
0.15964;618.67
0.16254;618.67
0.16544;622.25
0.16834;622.25
0.17125;622.25
0.17415;622.25
0.17705;625.86
0.17995;622.25
0.18286;625.86
0.18576;625.86
0.18866;625.86
0.19156;629.48
0.19447;633.13
0.19737;633.13
0.20027;633.13
0.20317;636.8
0.20608;636.8
0.20898;636.8
0.21188;640.49
0.21478;644.2
0.21769;647.93
0.22059;651.68
0.22349;655.46
0.22639;655.46
0.2293;655.46
0.2322;655.46
0.2351;659.26
0.238;663.07
0.24091;663.07
0.24381;666.92
0.24671;666.92
0.24961;666.92
0.25252;666.92
0.25542;666.92
0.25832;666.92
0.26122;670.78
0.26413;670.78
0.26703;674.66
0.26993;674.66
0.27283;670.78
0.27574;670.78
0.27864;670.78
0.28154;666.92
0.28444;666.92
0.28735;670.78
0.29025;670.78
0.29315;666.92
0.29605;663.07
0.29896;663.07
0.30186;663.07
0.30476;659.26
0.30766;659.26
0.31057;655.46
0.31347;655.46
0.31637;651.68
0.31927;647.93
0.32218;644.2
0.32508;640.49
0.32798;636.8
0.33088;629.48
0.33379;625.86
0.33669;625.86
0.33959;625.86
0.34249;622.25
0.3454;618.67
0.3483;615.11
0.3512;615.11
0.3541;611.56
0.35701;611.56
0.35991;608.04
0.36281;604.54
0.36571;597.6
0.36862;604.54
0.37152;604.54
0.37442;611.56
0.37732;618.67
0.38023;618.67
0.38313;622.25
0.38603;622.25
0.38893;618.67
0.39184;622.25
0.39474;622.25
0.39764;625.86
0.40054;629.48
0.40345;633.13
0.40635;640.49
0.40925;644.2
0.41215;647.93
0.41506;651.68
0.41796;651.68
0.42086;659.26
0.42376;663.07
0.42667;666.92
0.42957;674.66
0.43247;678.57
0.43537;678.57
0.43828;678.57
0.44118;682.5
0.44408;682.5
0.44698;686.46
0.44989;690.43
0.45279;694.43
0.45569;702.5
0.45859;706.57
0.4615;706.57
0.4644;702.5
0.4673;698.46
0.4702;698.46
0.47311;694.43
0.47601;694.43
0.47891;694.43
0.48181;694.43
0.48472;690.43
0.48762;686.46
0.49052;682.5
0.49342;682.5
0.49633;678.57
0.49923;674.66
0.50213;670.78
0.50503;666.92
0.50794;663.07
0.51084;655.46
0.51374;651.68
0.51664;647.93
0.51955;640.49
0.52245;633.13
0.52535;629.48
0.52825;622.25
0.53116;618.67
0.53406;615.11
0.53696;618.67
0.53986;615.11
0.54277;615.11
0.54567;615.11
0.54857;611.56
0.55147;608.04
0.55438;608.04
0.55728;608.04
0.56018;608.04
0.56308;611.56
0.56599;615.11
0.56889;618.67
0.57179;622.25
0.57469;622.25
0.5776;625.86
0.5805;625.86
0.5834;625.86
0.5863;629.48
0.58921;633.13
0.59211;636.8
0.59501;644.2
0.59791;644.2
0.60082;647.93
0.60372;647.93
0.60662;651.68
0.60952;655.46
0.61243;659.26
0.61533;663.07
0.61823;666.92
0.62113;670.78
0.62404;670.78
0.62694;674.66
0.62984;674.66
0.63274;678.57
0.63565;682.5
0.63855;686.46
0.64145;690.43
0.64435;694.43
0.64726;698.46
0.65016;694.43
0.65306;698.46
0.65596;698.46
0.65887;698.46
0.66177;698.46
0.66467;694.43
0.66757;690.43
0.67048;686.46
0.67338;686.46
0.67628;686.46
0.67918;678.57
0.68209;674.66
0.68499;670.78
0.68789;670.78
0.69079;666.92
0.6937;663.07
0.6966;659.26
0.6995;659.26
0.7024;655.46
0.70531;651.68
0.70821;644.2
0.71111;633.13
0.71401;625.86
0.71692;622.25
0.71982;618.67
0.72272;618.67
0.72562;618.67
0.72853;622.25
0.73143;618.67
0.73433;615.11
0.73723;615.11
0.74014;615.11
0.74304;618.67
0.74594;618.67
0.74884;622.25
0.75175;625.86
0.75465;625.86
0.75755;629.48
0.76045;633.13
0.76336;640.49
0.76626;647.93
0.76916;655.46
0.77206;655.46
0.77497;659.26
0.77787;659.26
0.78077;663.07
0.78367;666.92
0.78658;670.78
0.78948;674.66
0.79238;678.57
0.79528;682.5
0.79819;686.46
0.80109;694.43
0.80399;698.46
0.80689;706.57
0.8098;710.67
0.8127;714.78
0.8156;714.78
0.8185;714.78
0.82141;714.78
0.82431;714.78
0.82721;714.78
0.83011;714.78
0.83302;706.57
0.83592;694.43
0.83882;694.43
0.84172;674.66
0.84463;655.46
0.84753;633.13
0.85043;615.11
0.85333;590.73
0.85624;590.73
0.85914;573.91
0.86204;557.58
0.86494;529.33
0.86785;508.36
0.87075;479.82
0.87365;458.16
0.87655;452.89
0.87946;450.28
0.88236;447.69
0.88526;445.11
0.88816;437.47
0.89107;434.95
0.89397;427.47
0.89687;425.01
0.89977;420.13
0.90268;415.3
0.90558;415.3
0.90848;412.91
0.91138;412.91
0.91429;412.91
0.91719;412.91
0.92009;410.53
0.92299;410.53
0.9259;415.3
0.9288;422.56
0.9317;427.47
0.9346;432.44
0.93751;440
0.94041;450.28
0.94331;452.89
0.94621;460.81
0.94912;460.81
0.95202;466.16
0.95492;471.58
0.95782;471.58
0.96073;471.58
0.96363;471.58
0.96653;471.58
0.96943;471.58
0.97234;466.16
0.97524;452.89
0.97814;445.11
0.98104;437.47
0.98395;434.95
0.98685;425.01
0.98975;425.01
0.99265;425.01
0.99556;422.56
0.99846;422.56
1.0014;422.56
1.0043;422.56
1.0072;425.01
1.0101;427.47
1.013;427.47
1.0159;427.47
1.0188;427.47
1.0217;432.44
1.0246;432.44
1.0275;434.95
1.0304;434.95
1.0333;434.95
1.0362;434.95
1.0391;434.95
1.042;434.95
1.0449;434.95
1.0478;434.95
1.0507;434.95
1.0536;437.47
1.0565;437.47
1.0594;437.47
1.0623;437.47
1.0652;437.47
1.0681;437.47
1.071;434.95
1.0739;432.44
1.0768;425.01
1.0797;415.3
1.0826;412.91
1.0855;408.17
1.0884;403.48
1.0913;408.17
1.0942;410.53
1.0971;410.53
1.1;412.91
1.1029;412.91
1.1059;420.13
1.1088;415.3
1.1117;415.3
1.1146;415.3
1.1175;415.3
1.1204;415.3
1.1233;420.13
1.1262;420.13
1.1291;420.13
1.132;420.13
1.1349;420.13
1.1378;420.13
1.1407;420.13
1.1436;415.3
1.1465;412.91
1.1494;412.91
1.1523;410.53
1.1552;410.53
1.1581;410.53
1.161;403.48
1.1639;403.48
1.1668;403.48
1.1697;403.48
1.1726;403.48
1.1755;403.48
1.1784;403.48
1.1813;408.17
1.1842;410.53
1.1871;415.3
1.19;420.13
1.1929;422.56
1.1958;425.01
1.1987;427.47
1.2016;432.44
1.2045;432.44
1.2074;432.44
1.2103;434.95
1.2132;434.95
1.2161;437.47
1.219;440
1.222;440
1.2249;445.11
1.2278;445.11
1.2307;447.69
1.2336;447.69
1.2365;447.69
1.2394;447.69
1.2423;447.69
1.2452;445.11
1.2481;432.44
1.251;425.01
1.2539;415.3
1.2568;403.48
1.2597;392
1.2626;367.86
1.2655;0
1.2684;0
1.2713;0
1.2742;0
1.2771;0
1.28;0
1.2829;0
1.2858;0
1.2887;0
1.2916;0
1.2945;0
1.2974;0
1.3003;0
1.3032;0
1.3061;0
1.309;0
1.3119;0
1.3148;0
1.3177;0
1.3206;0
1.3235;0
1.3264;0
1.3293;0
1.3322;0
1.3351;0
1.338;0
1.341;0
1.3439;0
1.3468;0
1.3497;0
1.3526;0
1.3555;0
1.3584;0
1.3613;0
1.3642;0
1.3671;0
1.37;0
1.3729;0
1.3758;0
1.3787;0
1.3816;0
1.3845;0
1.3874;0
1.3903;0
1.3932;0
1.3961;0
1.399;0
1.4019;0
1.4048;0
1.4077;0
1.4106;0
1.4135;0
1.4164;0
1.4193;0
1.4222;0
1.4251;0
1.428;0
1.4309;0
1.4338;0
1.4367;0
1.4396;0
1.4425;0
1.4454;0
1.4483;0
1.4512;0
1.4541;0
1.4571;0
1.46;0
1.4629;0
1.4658;0
1.4687;0
1.4716;0
1.4745;0
1.4774;0
1.4803;0
1.4832;0
1.4861;0
1.489;0
1.4919;0
1.4948;0
1.4977;0
1.5006;0
1.5035;385.26
1.5064;383.04
1.5093;389.74
1.5122;387.49
1.5151;392
1.518;396.55
1.5209;401.16
1.5238;405.82
1.5267;410.53
1.5296;415.3
1.5325;420.13
1.5354;422.56
1.5383;427.47
1.5412;432.44
1.5441;432.44
1.547;434.95
1.5499;432.44
1.5528;427.47
1.5557;427.47
1.5586;422.56
1.5615;422.56
1.5644;408.17
1.5673;401.16
1.5702;387.49
1.5732;387.49
1.5761;387.49
1.579;389.74
1.5819;378.64
1.5848;0
1.5877;0
1.5906;0
1.5935;0
1.5964;0
1.5993;0
1.6022;0
1.6051;0
1.608;0
1.6109;0
1.6138;0
1.6167;0
1.6196;0
1.6225;0
1.6254;0
1.6283;0
1.6312;0
1.6341;0
1.637;0
1.6399;0
1.6428;0
1.6457;0
1.6486;0
1.6515;0
1.6544;0
1.6573;0
1.6602;0
1.6631;0
1.666;0
1.6689;0
1.6718;0
1.6747;0
1.6776;0
1.6805;0
1.6834;0
1.6863;0
1.6893;0
1.6922;0
1.6951;0
1.698;0
1.7009;0
1.7038;0
1.7067;0
1.7096;0
1.7125;0
1.7154;0
1.7183;0
1.7212;0
1.7241;0
1.727;0
1.7299;0
1.7328;0
1.7357;0
1.7386;0
1.7415;0
1.7444;0
1.7473;0
1.7502;0
1.7531;0
1.756;0
1.7589;0
1.7618;0
1.7647;0
1.7676;0
1.7705;0
1.7734;0
1.7763;0
1.7792;0
1.7821;0
1.785;0
1.7879;0
1.7908;0
1.7937;0
1.7966;0
1.7995;0
1.8024;0
1.8054;0
1.8083;0
1.8112;0
1.8141;318.4
1.817;318.4
1.8199;318.4
1.8228;320.24
1.8257;325.84
1.8286;329.63
1.8315;331.54
1.8344;331.54
1.8373;337.33
1.8402;339.29
1.8431;347.22
1.846;355.33
1.8489;361.54
1.8518;369.99
1.8547;369.99
1.8576;369.99
1.8605;369.99
1.8634;376.46
1.8663;376.46
1.8692;378.64
1.8721;378.64
1.875;385.26
1.8779;385.26
1.8808;385.26
1.8837;385.26
1.8866;389.74
1.8895;396.55
1.8924;403.48
1.8953;403.48
1.8982;403.48
1.9011;403.48
1.904;403.48
1.9069;403.48
1.9098;403.48
1.9127;403.48
1.9156;403.48
1.9185;401.16
1.9215;401.16
1.9244;398.85
1.9273;398.85
1.9302;408.17
1.9331;410.53
1.936;410.53
1.9389;410.53
1.9418;410.53
1.9447;408.17
1.9476;398.85
1.9505;401.16
1.9534;412.91
1.9563;412.91
1.9592;422.56
1.9621;420.13
1.965;412.91
1.9679;410.53
1.9708;403.48
1.9737;403.48
1.9766;403.48
1.9795;403.48
1.9824;415.3
1.9853;420.13
1.9882;422.56
1.9911;425.01
1.994;425.01
1.9969;425.01
1.9998;425.01
2.0027;432.44
2.0056;437.47
2.0085;440
2.0114;447.69
2.0143;447.69
2.0172;447.69
2.0201;445.11
2.023;437.47
2.0259;437.47
2.0288;437.47
2.0317;445.11
2.0346;450.28
2.0376;452.89
2.0405;452.89
2.0434;452.89
2.0463;452.89
2.0492;452.89
2.0521;450.28
2.055;450.28
2.0579;445.11
2.0608;440
2.0637;437.47
2.0666;434.95
2.0695;434.95
2.0724;437.47
2.0753;440
2.0782;440
2.0811;440
2.084;434.95
2.0869;425.01
2.0898;420.13
2.0927;415.3
2.0956;408.17
2.0985;403.48
2.1014;398.85
2.1043;398.85
2.1072;398.85
2.1101;398.85
2.113;398.85
2.1159;389.74
2.1188;389.74
2.1217;392
2.1246;392
2.1275;392
2.1304;392
2.1333;385.26
2.1362;385.26
2.1391;387.49
2.142;389.74
2.1449;396.55
2.1478;396.55
2.1507;398.85
2.1537;398.85
2.1566;398.85
2.1595;403.48
2.1624;408.17
2.1653;410.53
2.1682;415.3
2.1711;420.13
2.174;425.01
2.1769;437.47
2.1798;445.11
2.1827;447.69
2.1856;447.69
2.1885;447.69
2.1914;447.69
2.1943;447.69
2.1972;445.11
2.2001;447.69
2.203;450.28
2.2059;452.89
2.2088;455.52
2.2117;458.16
2.2146;463.48
2.2175;460.81
2.2204;460.81
2.2233;460.81
2.2262;460.81
2.2291;460.81
2.232;458.16
2.2349;458.16
2.2378;452.89
2.2407;452.89
2.2436;450.28
2.2465;447.69
2.2494;440
2.2523;440
2.2552;440
2.2581;440
2.261;434.95
2.2639;420.13
2.2668;420.13
2.2698;420.13
2.2727;420.13
2.2756;425.01
2.2785;434.95
2.2814;440
2.2843;445.11
2.2872;450.28
2.2901;450.28
2.293;445.11
2.2959;432.44
2.2988;408.17
2.3017;389.74
2.3046;389.74
2.3075;392
2.3104;392
2.3133;392
2.3162;396.55
2.3191;398.85
2.322;401.16
2.3249;408.17
2.3278;410.53
2.3307;410.53
2.3336;410.53
2.3365;410.53
2.3394;410.53
2.3423;410.53
2.3452;422.56
2.3481;440
2.351;447.69
2.3539;447.69
2.3568;450.28
2.3597;450.28
2.3626;450.28
2.3655;450.28
2.3684;450.28
2.3713;460.81
2.3742;471.58
2.3771;471.58
2.38;471.58
2.3829;471.58
2.3859;471.58
2.3888;471.58
2.3917;474.31
2.3946;477.06
2.3975;477.06
2.4004;477.06
2.4033;471.58
2.4062;466.16
2.4091;460.81
2.412;458.16
2.4149;450.28
2.4178;447.69
2.4207;445.11
2.4236;445.11
2.4265;445.11
2.4294;445.11
2.4323;445.11
2.4352;445.11
2.4381;445.11
2.441;427.47
2.4439;420.13
2.4468;412.91
2.4497;412.91
2.4526;420.13
2.4555;422.56
2.4584;440
2.4613;445.11
2.4642;445.11
2.4671;450.28
2.47;458.16
2.4729;458.16
2.4758;458.16
2.4787;450.28
2.4816;447.69
2.4845;427.47
2.4874;412.91
2.4903;412.91
2.4932;412.91
2.4961;415.3
2.499;422.56
2.502;425.01
2.5049;427.47
2.5078;434.95
2.5107;434.95
2.5136;434.95
2.5165;434.95
2.5194;434.95
2.5223;442.55
2.5252;442.55
2.5281;442.55
2.531;445.11
2.5339;445.11
2.5368;450.28
2.5397;452.89
2.5426;455.52
2.5455;460.81
2.5484;466.16
2.5513;466.16
2.5542;466.16
2.5571;466.16
2.56;466.16
2.5629;463.48
2.5658;460.81
2.5687;458.16
2.5716;452.89
2.5745;450.28
2.5774;450.28
2.5803;450.28
2.5832;447.69
2.5861;450.28
2.589;450.28
2.5919;450.28
2.5948;450.28
2.5977;450.28
2.6006;450.28
2.6035;450.28
2.6064;458.16
2.6093;466.16
2.6122;468.86
2.6151;466.16
2.618;463.48
2.621;455.52
2.6239;450.28
2.6268;445.11
2.6297;445.11
2.6326;442.55
2.6355;442.55
2.6384;440
2.6413;440
2.6442;440
2.6471;437.47
2.65;437.47
2.6529;437.47
2.6558;442.55
2.6587;447.69
2.6616;450.28
2.6645;455.52
2.6674;463.48
2.6703;468.86
2.6732;479.82
2.6761;482.6
2.679;482.6
2.6819;482.6
2.6848;485.4
2.6877;491.04
2.6906;496.74
2.6935;502.52
2.6964;508.36
2.6993;508.36
2.7022;511.3
2.7051;508.36
2.708;508.36
2.7109;514.26
2.7138;517.24
2.7167;520.24
2.7196;508.36
2.7225;505.43
2.7254;508.36
2.7283;508.36
2.7312;505.43
2.7341;499.62
2.7371;493.88
2.74;493.88
2.7429;493.88
2.7458;493.88
2.7487;493.88
2.7516;493.88
2.7545;482.6
2.7574;471.58
2.7603;466.16
2.7632;466.16
2.7661;466.16
2.769;466.16
2.7719;466.16
2.7748;458.16
2.7777;452.89
2.7806;450.28
2.7835;450.28
2.7864;450.28
2.7893;452.89
2.7922;452.89
2.7951;450.28
2.798;450.28
2.8009;452.89
2.8038;452.89
2.8067;452.89
2.8096;455.52
2.8125;458.16
2.8154;463.48
2.8183;468.86
2.8212;471.58
2.8241;474.31
2.827;477.06
2.8299;482.6
2.8328;488.21
2.8357;493.88
2.8386;499.62
2.8415;502.52
2.8444;505.43
2.8473;505.43
2.8502;511.3
2.8532;514.26
2.8561;514.26
2.859;517.24
2.8619;520.24
2.8648;523.25
2.8677;517.24
2.8706;517.24
2.8735;514.26
2.8764;511.3
2.8793;508.36
2.8822;508.36
2.8851;511.3
2.888;511.3
2.8909;514.26
2.8938;511.3
2.8967;499.62
2.8996;493.88
2.9025;493.88
2.9054;493.88
2.9083;499.62
2.9112;499.62
2.9141;493.88
2.917;485.4
2.9199;474.31
2.9228;463.48
2.9257;460.81
2.9286;466.16
2.9315;466.16
2.9344;468.86
2.9373;468.86
2.9402;468.86
2.9431;463.48
2.946;460.81
2.9489;460.81
2.9518;463.48
2.9547;460.81
2.9576;460.81
2.9605;458.16
2.9634;455.52
2.9663;450.28
2.9693;458.16
2.9722;468.86
2.9751;479.82
2.978;491.04
2.9809;485.4
2.9838;488.21
2.9867;488.21
2.9896;491.04
2.9925;491.04
2.9954;491.04
2.9983;493.88
3.0012;502.52
3.0041;508.36
3.007;517.24
3.0099;514.26
3.0128;511.3
3.0157;511.3
3.0186;511.3
3.0215;511.3
3.0244;511.3
3.0273;508.36
3.0302;508.36
3.0331;508.36
3.036;502.52
3.0389;493.88
3.0418;505.43
3.0447;0
3.0476;0
3.0505;0
3.0534;0
3.0563;0
3.0592;0
3.0621;0
3.065;0
3.0679;0
3.0708;0
3.0737;0
3.0766;0
3.0795;0
3.0824;0
3.0854;0
3.0883;0
3.0912;0
3.0941;0
3.097;0
3.0999;0
3.1028;0
3.1057;0
3.1086;0
3.1115;0
3.1144;0
3.1173;0
3.1202;0
3.1231;0
3.126;0
3.1289;0
3.1318;0
3.1347;0
3.1376;0
3.1405;0
3.1434;0
3.1463;0
3.1492;0
3.1521;0
3.155;0
3.1579;0
3.1608;0
3.1637;437.47
3.1666;437.47
3.1695;437.47
3.1724;437.47
3.1753;447.69
3.1782;458.16
3.1811;468.86
3.184;479.82
3.1869;491.04
3.1898;502.52
3.1927;514.26
3.1956;526.28
3.1985;532.4
3.2015;538.58
3.2044;541.7
3.2073;548
3.2102;551.17
3.2131;554.37
3.216;560.81
3.2189;564.06
3.2218;564.06
3.2247;564.06
3.2276;564.06
3.2305;560.81
3.2334;557.58
3.2363;557.58
3.2392;557.58
3.2421;557.58
3.245;560.81
3.2479;557.58
3.2508;554.37
3.2537;548
3.2566;541.7
3.2595;538.58
3.2624;538.58
3.2653;541.7
3.2682;544.84
3.2711;554.37
3.274;560.81
3.2769;564.06
3.2798;564.06
3.2827;557.58
3.2856;551.17
3.2885;551.17
3.2914;551.17
3.2943;551.17
3.2972;551.17
3.3001;554.37
3.303;557.58
3.3059;560.81
3.3088;564.06
3.3117;0
3.3146;0
3.3176;0
3.3205;0
3.3234;0
3.3263;0
3.3292;0
3.3321;0
3.335;0
3.3379;0
3.3408;0
3.3437;0
3.3466;0
3.3495;0
3.3524;0
3.3553;0
3.3582;0
3.3611;0
3.364;0
3.3669;0
3.3698;0
3.3727;0
3.3756;0
3.3785;0
3.3814;0
3.3843;0
3.3872;0
3.3901;0
3.393;0
3.3959;0
3.3988;0
3.4017;0
3.4046;0
3.4075;0
3.4104;0
3.4133;0
3.4162;0
3.4191;0
3.422;0
3.4249;0
3.4278;0
3.4307;0
3.4337;0
3.4366;0
3.4395;0
3.4424;0
3.4453;0
3.4482;0
3.4511;0
3.454;0
3.4569;0
3.4598;0
3.4627;0
3.4656;0
3.4685;0
3.4714;0
3.4743;0
3.4772;0
3.4801;0
3.483;0
3.4859;0
3.4888;0
3.4917;0
3.4946;0
3.4975;0
3.5004;538.58
3.5033;541.7
3.5062;544.84
3.5091;544.84
3.512;544.84
3.5149;548
3.5178;551.17
3.5207;557.58
3.5236;560.81
3.5265;567.32
3.5294;570.61
3.5323;570.61
3.5352;570.61
3.5381;570.61
3.541;573.91
3.5439;573.91
3.5468;573.91
3.5498;573.91
3.5527;573.91
3.5556;573.91
3.5585;573.91
3.5614;573.91
3.5643;570.61
3.5672;570.61
3.5701;573.91
3.573;573.91
3.5759;560.81
3.5788;557.58
3.5817;560.81
3.5846;564.06
3.5875;560.81
3.5904;548
3.5933;535.48
3.5962;532.4
3.5991;520.24
3.602;514.26
3.6049;508.36
3.6078;502.52
3.6107;493.88
3.6136;491.04
3.6165;493.88
3.6194;493.88
3.6223;493.88
3.6252;491.04
3.6281;491.04
3.631;491.04
3.6339;493.88
3.6368;493.88
3.6397;496.74
3.6426;502.52
3.6455;505.43
3.6484;505.43
3.6513;508.36
3.6542;511.3
3.6571;520.24
3.66;523.25
3.6629;526.28
3.6659;529.33
3.6688;532.4
3.6717;535.48
3.6746;541.7
3.6775;544.84
3.6804;548
3.6833;551.17
3.6862;557.58
3.6891;567.32
3.692;573.91
3.6949;577.24
3.6978;580.58
3.7007;580.58
3.7036;583.95
3.7065;587.33
3.7094;590.73
3.7123;590.73
3.7152;590.73
3.7181;594.15
3.721;594.15
3.7239;594.15
3.7268;590.73
3.7297;594.15
3.7326;590.73
3.7355;590.73
3.7384;590.73
3.7413;590.73
3.7442;587.33
3.7471;583.95
3.75;583.95
3.7529;580.58
3.7558;577.24
3.7587;573.91
3.7616;564.06
3.7645;554.37
3.7674;541.7
3.7703;535.48
3.7732;529.33
3.7761;529.33
3.779;529.33
3.782;526.28
3.7849;526.28
3.7878;520.24
3.7907;514.26
3.7936;505.43
3.7965;496.74
3.7994;485.4
3.8023;482.6
3.8052;482.6
3.8081;482.6
3.811;482.6
3.8139;479.82
3.8168;482.6
3.8197;485.4
3.8226;488.21
3.8255;491.04
3.8284;491.04
3.8313;491.04
3.8342;493.88
3.8371;499.62
3.84;505.43
3.8429;517.24
3.8458;523.25
3.8487;523.25
3.8516;529.33
3.8545;535.48
3.8574;541.7
3.8603;548
3.8632;554.37
3.8661;557.58
3.869;560.81
3.8719;567.32
3.8748;570.61
3.8777;580.58
3.8806;583.95
3.8835;583.95
3.8864;590.73
3.8893;590.73
3.8922;594.15
3.8951;597.6
3.898;597.6
3.901;597.6
3.9039;597.6
3.9068;597.6
3.9097;594.15
3.9126;597.6
3.9155;594.15
3.9184;597.6
3.9213;594.15
3.9242;590.73
3.9271;587.33
3.93;580.58
3.9329;580.58
3.9358;577.24
3.9387;573.91
3.9416;573.91
3.9445;567.32
3.9474;554.37
3.9503;548
3.9532;538.58
3.9561;529.33
3.959;517.24
3.9619;517.24
3.9648;517.24
3.9677;517.24
3.9706;511.3
3.9735;508.36
3.9764;505.43
3.9793;499.62
3.9822;499.62
3.9851;493.88
3.988;496.74
3.9909;496.74
3.9938;499.62
3.9967;502.52
3.9996;502.52
4.0025;502.52
4.0054;511.3
4.0083;523.25
4.0112;526.28
4.0141;529.33
4.0171;529.33
4.02;535.48
4.0229;535.48
4.0258;541.7
4.0287;548
4.0316;560.81
4.0345;570.61
4.0374;577.24
4.0403;587.33
4.0432;587.33
4.0461;590.73
4.049;594.15
4.0519;594.15
4.0548;594.15
4.0577;594.15
4.0606;594.15
4.0635;590.73
4.0664;590.73
4.0693;583.95
4.0722;590.73
4.0751;583.95
4.078;564.06
4.0809;551.17
4.0838;544.84
4.0867;517.24
4.0896;0
4.0925;0
4.0954;0
4.0983;0
4.1012;0
4.1041;0
4.107;0
4.1099;0
4.1128;0
4.1157;0
4.1186;0
4.1215;0
4.1244;0
4.1273;0
4.1302;0
4.1332;0
4.1361;0
4.139;0
4.1419;0
4.1448;0
4.1477;0
4.1506;0
4.1535;0
4.1564;0
4.1593;0
4.1622;0
4.1651;0
4.168;0
4.1709;0
4.1738;0
4.1767;0
4.1796;0
4.1825;0
4.1854;0
4.1883;0
4.1912;0
4.1941;0
4.197;0
4.1999;0
4.2028;0
4.2057;0
4.2086;0
4.2115;0
4.2144;0
4.2173;0
4.2202;0
4.2231;0
4.226;0
4.2289;0
4.2318;0
4.2347;0
4.2376;0
4.2405;0
4.2434;0
4.2463;0
4.2493;0
4.2522;0
4.2551;0
4.258;0
4.2609;0
4.2638;0
4.2667;0
4.2696;0
4.2725;0
4.2754;0
4.2783;0
4.2812;0
4.2841;0
4.287;0
4.2899;0
4.2928;0
4.2957;0
4.2986;0
4.3015;0
4.3044;0
4.3073;0
4.3102;0
4.3131;0
4.316;0
4.3189;0
4.3218;0
4.3247;0
4.3276;0
4.3305;0
4.3334;0
4.3363;422.56
4.3392;432.44
4.3421;440
4.345;442.55
4.3479;445.11
4.3508;450.28
4.3537;460.81
4.3566;463.48
4.3595;468.86
4.3624;474.31
4.3654;479.82
4.3683;485.4
4.3712;488.21
4.3741;488.21
4.377;491.04
4.3799;493.88
4.3828;496.74
4.3857;496.74
4.3886;493.88
4.3915;491.04
4.3944;485.4
4.3973;491.04
4.4002;493.88
4.4031;493.88
4.406;493.88
4.4089;493.88
4.4118;491.04
4.4147;491.04
4.4176;482.6
4.4205;474.31
4.4234;474.31
4.4263;474.31
4.4292;471.58
4.4321;471.58
4.435;466.16
4.4379;460.81
4.4408;455.52
4.4437;450.28
4.4466;447.69
4.4495;447.69
4.4524;450.28
4.4553;450.28
4.4582;447.69
4.4611;440
4.464;440
4.4669;437.47
4.4698;437.47
4.4727;434.95
4.4756;434.95
4.4785;432.44
4.4815;432.44
4.4844;432.44
4.4873;434.95
4.4902;437.47
4.4931;445.11
4.496;452.89
4.4989;460.81
4.5018;466.16
4.5047;466.16
4.5076;468.86
4.5105;477.06
4.5134;479.82
4.5163;485.4
4.5192;488.21
4.5221;491.04
4.525;496.74
4.5279;499.62
4.5308;502.52
4.5337;508.36
4.5366;514.26
4.5395;523.25
4.5424;526.28
4.5453;529.33
4.5482;532.4
4.5511;535.48
4.554;535.48
4.5569;538.58
4.5598;538.58
4.5627;538.58
4.5656;541.7
4.5685;544.84
4.5714;541.7
4.5743;538.58
4.5772;538.58
4.5801;535.48
4.583;535.48
4.5859;538.58
4.5888;535.48
4.5917;535.48
4.5946;535.48
4.5976;529.33
4.6005;523.25
4.6034;511.3
4.6063;499.62
4.6092;488.21
4.6121;482.6
4.615;491.04
4.6179;485.4
4.6208;482.6
4.6237;471.58
4.6266;468.86
4.6295;460.81
4.6324;458.16
4.6353;458.16
4.6382;447.69
4.6411;437.47
4.644;434.95
4.6469;440
4.6498;440
4.6527;440
4.6556;442.55
4.6585;442.55
4.6614;437.47
4.6643;434.95
4.6672;432.44
4.6701;432.44
4.673;432.44
4.6759;432.44
4.6788;437.47
4.6817;440
4.6846;445.11
4.6875;447.69
4.6904;450.28
4.6933;452.89
4.6962;455.52
4.6991;458.16
4.702;460.81
4.7049;463.48
4.7078;471.58
4.7107;477.06
4.7137;482.6
4.7166;485.4
4.7195;488.21
4.7224;491.04
4.7253;493.88
4.7282;499.62
4.7311;505.43
4.734;514.26
4.7369;523.25
4.7398;526.28
4.7427;526.28
4.7456;529.33
4.7485;529.33
4.7514;529.33
4.7543;532.4
4.7572;532.4
4.7601;535.48
4.763;535.48
4.7659;532.4
4.7688;532.4
4.7717;529.33
4.7746;529.33
4.7775;526.28
4.7804;523.25
4.7833;523.25
4.7862;523.25
4.7891;520.24
4.792;520.24
4.7949;520.24
4.7978;520.24
4.8007;517.24
4.8036;505.43
4.8065;499.62
4.8094;496.74
4.8123;488.21
4.8152;477.06
4.8181;479.82
4.821;482.6
4.8239;479.82
4.8268;477.06
4.8298;474.31
4.8327;468.86
4.8356;463.48
4.8385;458.16
4.8414;447.69
4.8443;445.11
4.8472;447.69
4.8501;450.28
4.853;452.89
4.8559;458.16
4.8588;452.89
4.8617;445.11
4.8646;442.55
4.8675;442.55
4.8704;442.55
4.8733;452.89
4.8762;452.89
4.8791;460.81
4.882;468.86
4.8849;468.86
4.8878;468.86
4.8907;458.16
4.8936;460.81
4.8965;466.16
4.8994;477.06
4.9023;482.6
4.9052;485.4
4.9081;493.88
4.911;502.52
4.9139;502.52
4.9168;508.36
4.9197;511.3
4.9226;511.3
4.9255;514.26
4.9284;520.24
4.9313;520.24
4.9342;526.28
4.9371;529.33
4.94;532.4
4.9429;529.33
4.9459;532.4
4.9488;538.58
4.9517;538.58
4.9546;538.58
4.9575;535.48
4.9604;535.48
4.9633;532.4
4.9662;529.33
4.9691;523.25
4.972;526.28
4.9749;529.33
4.9778;529.33
4.9807;526.28
4.9836;523.25
4.9865;523.25
4.9894;520.24
4.9923;514.26
4.9952;508.36
4.9981;499.62
5.001;493.88
5.0039;482.6
5.0068;474.31
5.0097;471.58
5.0126;471.58
5.0155;471.58
5.0184;466.16
5.0213;460.81
5.0242;458.16
5.0271;455.52
5.03;455.52
5.0329;455.52
5.0358;452.89
5.0387;450.28
5.0416;447.69
5.0445;447.69
5.0474;450.28
5.0503;458.16
5.0532;460.81
5.0561;466.16
5.059;468.86
5.062;466.16
5.0649;466.16
5.0678;463.48
5.0707;460.81
5.0736;466.16
5.0765;477.06
5.0794;488.21
5.0823;499.62
5.0852;511.3
5.0881;523.25
5.091;535.48
5.0939;548
5.0968;551.17
5.0997;557.58
5.1026;544.84
5.1055;557.58
5.1084;0
5.1113;0
5.1142;0
5.1171;0
5.12;0
5.1229;0
5.1258;0
5.1287;0
5.1316;0
5.1345;0
5.1374;0
5.1403;0
5.1432;0
5.1461;0
5.149;0
5.1519;0
5.1548;0
5.1577;0
5.1606;0
5.1635;0
5.1664;0
5.1693;0
5.1722;0
5.1751;0
5.178;0
5.181;0
5.1839;0
5.1868;0
5.1897;0
5.1926;0
5.1955;0
5.1984;0
5.2013;0
5.2042;0
5.2071;0
5.21;0
5.2129;0
5.2158;0
5.2187;0
5.2216;0
5.2245;0
5.2274;0
5.2303;0
5.2332;0
5.2361;0
5.239;0
5.2419;0
5.2448;0
5.2477;0
5.2506;0
5.2535;0
5.2564;0
5.2593;0
5.2622;0
5.2651;0
5.268;0
5.2709;0
5.2738;0
5.2767;0
5.2796;0
5.2825;0
5.2854;0
5.2883;0
5.2912;0
5.2941;0
5.2971;0
5.3;0
5.3029;0
5.3058;0
5.3087;0
5.3116;0
5.3145;0
5.3174;0
5.3203;0
5.3232;0
5.3261;0
5.329;0
5.3319;0
5.3348;0
5.3377;0
5.3406;0
5.3435;0
5.3464;0
5.3493;0
5.3522;0
5.3551;0
5.358;0
5.3609;0
5.3638;0
5.3667;0
5.3696;0
5.3725;0
5.3754;0
5.3783;0
5.3812;0
5.3841;0
5.387;0
5.3899;0
5.3928;0
5.3957;0
5.3986;0
5.4015;0
5.4044;0
5.4073;0
5.4102;0
5.4132;0
5.4161;0
5.419;0
5.4219;0
5.4248;0
5.4277;0
5.4306;0
5.4335;0
5.4364;0
5.4393;0
5.4422;0
5.4451;0
5.448;0
5.4509;0
5.4538;0
5.4567;0
5.4596;0
5.4625;0
5.4654;0
5.4683;0
5.4712;0
5.4741;0
5.477;0
5.4799;0
